Boro,DCP_Boro,PUMA_ID,CD_Label,CD_Name,HHE,HHM,HHP,HHZ,HHIU10E,HHIU10M,HHIU10P,HHIU10Z,HHI10t14E,HHI10t14M,HHI10t14P,HHI10t14Z,HHI15t24E,HHI15t24M,HHI15t24P,HHI15t24Z,HHI25t34E,HHI25t34M,HHI25t34P,HHI25t34Z,HHI35t49E,HHI35t49M,HHI35t49P,HHI35t49Z,HHI50t74E,HHI50t74M,HHI50t74P,HHI50t74Z,HHI75t99E,HHI75t99M,HHI75t99P,HHI75t99Z,HI100t149E,HI100t149M,HI100t149P,HI100t149Z,HI150t199E,HI150t199M,HI150t199P,HI150t199Z,HHI200plE,HHI200plM,HHI200plP,HHI200plZ,MdHHIncE,MdHHIncM,MdHHIncP,MdHHIncZ,MnHHIncE,MnHHIncM,MnHHIncP,MnHHIncZ,PerEarnE,PerEarnM,PerEarnP,PerEarnZ,DolEarnE,DolEarnM,DolEarnP,DolEarnZ,PerSocSecE,PerSocSecM,PerSocSecP,PerSocSecZ,DolSocSecE,DolSocSecM,DolSocSecP,DolSocSecZ,PerRetIncE,PerRetIncM,PerRetIncP,PerRetIncZ,DolRetIncE,DolRetIncM,DolRetIncP,DolRetIncZ,Inc_SpSecE,Inc_SpSecM,Inc_SpSecP,Inc_SpSecZ,MnSoSecDlE,MnSoSecDlM,MnSoSecDlP,MnSoSecDlZ,Inc_CPbAE,Inc_CPbAM,Inc_CPbAP,Inc_CPbAZ,Dol_CPbAE,Dol_CPbAM,Dol_CPbAP,Dol_CPbAZ,Inc_SNAPE,Inc_SNAPM,Inc_SNAPP,Inc_SNAPZ,FamE,FamM,FamP,FamZ,FamIU10E,FamIU10M,FamIU10P,FamIU10Z,FamI10t14E,FamI10t14M,FamI10t14P,FamI10t14Z,FamI15t24E,FamI15t24M,FamI15t24P,FamI15t24Z,FamI25t34E,FamI25t34M,FamI25t34P,FamI25t34Z,FamI35t49E,FamI35t49M,FamI35t49P,FamI35t49Z,FamI50t74E,FamI50t74M,FamI50t74P,FamI50t74Z,FamI75t99E,FamI75t99M,FamI75t99P,FamI75t99Z,FI100t149E,FI100t149M,FI100t149P,FI100t149Z,FI150t199E,FI150t199M,FI150t199P,FI150t199Z,FamI200plE,FamI200plM,FamI200plP,FamI200plZ,MdFamIncE,MdFamIncM,MdFamIncP,MdFamIncZ,MnFamIncE,MnFamIncM,MnFamIncP,MnFamIncZ,PerCapIncE,PerCapIncM,PerCapIncP,PerCapIncZ,NFamE,NFamM,NFamP,NFamZ,MdNFIncE,MdNFIncM,MdNFIncP,MdNFIncZ,MnNFIncE,MnNFIncM,MnNFIncP,MnNFIncZ,MdEWrkE,MdEWrkM,MdEWrkP,MdEWrkZ,MdEMFTWrkE,MdEMFTWrkM,MdEMFTWrkP,MdEMFTWrkZ,MdEFFTWrkE,MdEFFTWrkM,MdEFFTWrkP,MdEFFTWrkZ
5,2,3701,8,"Riverdale, Fieldston & Kingsbridge",41456,568,41456,(X),3541,412,8.5,1,2328,292,5.6,0.7,3722,414,9,1,3700,475,8.9,1.1,5276,542,12.7,1.3,7348,645,17.7,1.5,5444,517,13.1,1.3,5363,458,12.9,1.1,2253,319,5.4,0.8,2481,297,6,0.7,56391,2265,(X),(X),78726,2583,(X),(X),31609,665,76.2,1.4,83405,2782,(X),(X),11580,593,27.9,1.3,18255,524,(X),(X),6553,474,15.8,1.1,32159,3688,(X),(X),2866,349,6.9,0.8,8821,599,(X),(X),1673,276,4,0.7,3414,645,(X),(X),8146,563,19.6,1.4,25034,696,25034,(X),1673,283,6.7,1.1,1081,237,4.3,0.9,2066,309,8.3,1.2,2126,351,8.5,1.4,3066,430,12.2,1.7,4517,525,18,1.9,3060,386,12.2,1.5,3468,415,13.9,1.6,1787,297,7.1,1.2,2190,268,8.7,1,62611,3238,(X),(X),90622,3885,(X),(X),31436,1145,(X),(X),16422,747,16422,(X),44130,3761,(X),(X),57142,2960,(X),(X),36385,2108,(X),(X),50589,2207,(X),(X),50115,2434,(X),(X)
5,2,3702,12,"Wakefield, Williamsbridge & Woodlawn",46997,499,46997,(X),5672,542,12.1,1.1,2920,362,6.2,0.8,5258,474,11.2,1,4780,384,10.2,0.8,6188,539,13.2,1.2,8466,598,18,1.2,5902,471,12.6,1,5265,420,11.2,0.9,1724,256,3.7,0.5,822,179,1.7,0.4,45889,1626,(X),(X),58057,1462,(X),(X),36339,686,77.3,1.1,62009,1646,(X),(X),12154,495,25.9,1.1,15239,479,(X),(X),6468,422,13.8,0.9,21602,1397,(X),(X),3800,375,8.1,0.8,8954,405,(X),(X),2705,318,5.8,0.7,3427,485,(X),(X),11901,671,25.3,1.4,32831,711,32831,(X),3141,386,9.6,1.2,1397,243,4.3,0.7,3192,386,9.7,1.1,3008,372,9.2,1.1,4686,464,14.3,1.4,6049,476,18.4,1.5,4852,409,14.8,1.2,4196,430,12.8,1.2,1571,241,4.8,0.7,739,170,2.3,0.5,52844,1892,(X),(X),64757,1824,(X),(X),21002,521,(X),(X),14166,740,14166,(X),27452,2502,(X),(X),37466,1858,(X),(X),31631,661,(X),(X),42672,1402,(X),(X),40021,1129,(X),(X)
5,2,3703,10,"Co-op City, Pelham Bay & Schuylerville",47344,657,47344,(X),3760,534,7.9,1.1,2681,456,5.7,1,4640,582,9.8,1.2,4745,746,10,1.6,6020,702,12.7,1.5,7545,750,15.9,1.6,6506,624,13.7,1.3,7379,625,15.6,1.3,2349,495,5,1,1719,298,3.6,0.6,54911,2778,(X),(X),71413,2620,(X),(X),34348,1036,72.5,1.9,78828,2883,(X),(X),15734,663,33.2,1.4,17460,524,(X),(X),10105,636,21.3,1.4,22138,1697,(X),(X),2879,435,6.1,0.9,9436,787,(X),(X),1131,306,2.4,0.6,3145,729,(X),(X),6347,711,13.4,1.5,29183,958,29183,(X),1633,340,5.6,1.1,830,229,2.8,0.8,1905,361,6.5,1.2,2443,506,8.4,1.7,3264,521,11.2,1.8,4730,566,16.2,1.9,4803,591,16.5,2,5910,559,20.3,1.8,2128,474,7.3,1.6,1537,290,5.3,0.9,73332,4775,(X),(X),86445,3516,(X),(X),29044,968,(X),(X),18161,927,18161,(X),34315,2544,(X),(X),44198,2396,(X),(X),40955,1384,(X),(X),53679,2565,(X),(X),48836,1666,(X),(X)
5,2,3704,11,"Pelham Parkway, Morris Park & Laconia",44079,531,44079,(X),5154,465,11.7,1,3029,379,6.9,0.9,4730,456,10.7,1,4366,448,9.9,1,6247,570,14.2,1.3,7597,512,17.2,1.1,5063,464,11.5,1,5089,388,11.5,0.9,1839,265,4.2,0.6,965,176,2.2,0.4,46543,2050,(X),(X),60501,1609,(X),(X),33839,753,76.8,1.3,66243,1766,(X),(X),11166,563,25.3,1.3,14667,511,(X),(X),5517,375,12.5,0.8,20395,1638,(X),(X),3904,384,8.9,0.9,9579,443,(X),(X),2048,292,4.6,0.7,3559,492,(X),(X),11475,695,26,1.5,29537,680,29537,(X),2620,382,8.9,1.3,1246,262,4.2,0.9,2947,333,10,1.1,2990,409,10.1,1.4,4265,419,14.4,1.4,5221,460,17.7,1.4,3932,372,13.3,1.2,3964,345,13.4,1.2,1513,234,5.1,0.8,839,159,2.8,0.5,53365,1781,(X),(X),67507,1993,(X),(X),22084,563,(X),(X),14542,694,14542,(X),29169,3379,(X),(X),41543,2443,(X),(X),31983,973,(X),(X),42418,1573,(X),(X),41694,1107,(X),(X)
5,2,3705,3 & 6,"Belmont, Crotona Park East & East Tremont",54076,511,54076,(X),12789,686,23.7,1.2,7179,469,13.3,0.9,9422,616,17.4,1.1,6343,554,11.7,1,6579,589,12.2,1.1,6482,497,12,0.9,2402,316,4.4,0.6,2218,313,4.1,0.6,468,151,0.9,0.3,194,86,0.4,0.2,22154,770,(X),(X),33778,1305,(X),(X),36039,773,66.6,1.3,39982,1231,(X),(X),11530,587,21.3,1.1,11226,432,(X),(X),3812,404,7,0.7,16212,5680,(X),(X),10267,716,19,1.3,8796,230,(X),(X),6250,553,11.6,1,3416,268,(X),(X),29030,868,53.7,1.6,36408,731,36408,(X),6833,559,18.8,1.5,4366,372,12,1,6794,579,18.7,1.5,4851,482,13.3,1.3,5038,492,13.8,1.3,4620,444,12.7,1.2,1864,288,5.1,0.8,1653,288,4.5,0.8,234,84,0.6,0.2,155,72,0.4,0.2,25357,1184,(X),(X),35599,1251,(X),(X),12038,442,(X),(X),17668,683,17668,(X),13581,867,(X),(X),25975,2839,(X),(X),19497,748,(X),(X),29161,1600,(X),(X),29958,1452,(X),(X)
5,2,3706,7,"Bedford Park, Fordham North & Norwood",43328,625,43328,(X),6698,593,15.5,1.3,4794,511,11.1,1.2,6745,581,15.6,1.3,5025,516,11.6,1.2,5739,588,13.2,1.3,7181,655,16.6,1.5,3773,433,8.7,1,2519,344,5.8,0.8,468,133,1.1,0.3,386,140,0.9,0.3,31513,1499,(X),(X),43833,1459,(X),(X),33022,724,76.2,1.3,48729,1744,(X),(X),8846,622,20.4,1.4,11980,541,(X),(X),3350,371,7.7,0.8,17286,2195,(X),(X),5930,551,13.7,1.3,8523,477,(X),(X),2918,375,6.7,0.8,3364,416,(X),(X),18557,731,42.8,1.6,27564,646,27564,(X),3290,480,11.9,1.7,2782,410,10.1,1.5,4661,495,16.9,1.8,3494,501,12.7,1.7,3651,465,13.2,1.7,4876,466,17.7,1.6,2448,321,8.9,1.2,1695,296,6.1,1.1,379,126,1.4,0.5,288,118,1,0.4,33344,2199,(X),(X),46454,2120,(X),(X),16413,619,(X),(X),15764,811,15764,(X),22778,2730,(X),(X),34573,2199,(X),(X),23333,1361,(X),(X),35079,1073,(X),(X),33956,1978,(X),(X)
5,2,3707,5,"Morris Heights, Fordham South & Mount Hope",43481,420,43481,(X),8527,503,19.6,1.1,5373,521,12.4,1.2,7923,587,18.2,1.3,5658,503,13,1.2,6031,540,13.9,1.2,5438,477,12.5,1.1,2586,334,5.9,0.8,1476,263,3.4,0.6,348,113,0.8,0.3,121,67,0.3,0.2,24849,1383,(X),(X),35123,1187,(X),(X),32282,592,74.2,1.2,38741,1272,(X),(X),7796,495,17.9,1.1,11222,503,(X),(X),2330,274,5.4,0.6,13798,1459,(X),(X),7334,524,16.9,1.2,8550,297,(X),(X),4623,452,10.6,1,3573,249,(X),(X),21894,729,50.4,1.6,29857,689,29857,(X),4604,445,15.4,1.4,3469,450,11.6,1.5,5968,486,20,1.6,3868,451,13,1.5,4639,466,15.5,1.5,4095,430,13.7,1.4,1860,318,6.2,1,1019,227,3.4,0.8,273,104,0.9,0.3,62,48,0.2,0.2,27817,1442,(X),(X),36614,1188,(X),(X),12792,460,(X),(X),13624,609,13624,(X),15949,1176,(X),(X),26730,2538,(X),(X),18710,1018,(X),(X),27837,1745,(X),(X),26946,1320,(X),(X)
5,2,3708,4,"Concourse, Highbridge & Mount Eden",47633,473,47633,(X),9109,654,19.1,1.3,5588,576,11.7,1.2,8032,650,16.9,1.4,6283,496,13.2,1,6673,481,14,1,6454,476,13.5,1,2846,375,6,0.8,1959,310,4.1,0.6,515,161,1.1,0.3,174,81,0.4,0.2,26349,969,(X),(X),37482,1470,(X),(X),33973,744,71.3,1.5,42500,1845,(X),(X),10235,567,21.5,1.2,11563,463,(X),(X),4304,430,9,0.9,14910,1826,(X),(X),8278,602,17.4,1.3,8503,372,(X),(X),5102,502,10.7,1,3418,375,(X),(X),23369,876,49.1,1.8,31158,754,31158,(X),4570,509,14.7,1.5,3169,471,10.2,1.5,5620,561,18,1.8,4839,466,15.5,1.4,4373,395,14,1.2,4619,441,14.8,1.4,2167,328,7,1,1306,233,4.2,0.7,372,132,1.2,0.4,123,61,0.4,0.2,28482,1266,(X),(X),39840,1844,(X),(X),13808,579,(X),(X),16475,691,16475,(X),16901,1535,(X),(X),28961,1949,(X),(X),20801,892,(X),(X),30494,1246,(X),(X),30818,1273,(X),(X)
5,2,3709,9,"Castle Hill, Clason Point & Parkchester",63188,703,63188,(X),8953,581,14.2,0.9,5256,512,8.3,0.8,8992,577,14.2,0.9,7084,574,11.2,0.9,8763,643,13.9,1,10119,620,16,1,6126,519,9.7,0.8,5631,493,8.9,0.8,1388,229,2.2,0.4,876,208,1.4,0.3,36951,1387,(X),(X),50113,1307,(X),(X),46657,1075,73.8,1.2,54730,1527,(X),(X),15970,604,25.3,0.9,13597,444,(X),(X),7411,451,11.7,0.7,23277,2943,(X),(X),7665,658,12.1,1.1,8967,340,(X),(X),4098,429,6.5,0.7,3338,340,(X),(X),21376,962,33.8,1.5,42711,981,42711,(X),4516,458,10.6,1.1,3007,425,7,1,6200,516,14.5,1.2,5164,500,12.1,1.2,5919,512,13.9,1.1,7200,583,16.9,1.3,4300,425,10.1,0.9,4456,413,10.4,0.9,1181,202,2.8,0.5,768,187,1.8,0.4,41332,1872,(X),(X),54714,1519,(X),(X),18519,416,(X),(X),20477,785,20477,(X),23216,2088,(X),(X),34409,1456,(X),(X),26775,724,(X),(X),34874,1770,(X),(X),37237,1438,(X),(X)
5,2,3710,1 & 2,"Hunts Point, Longwood & Melrose",48741,535,48741,(X),11391,604,23.4,1.2,6729,606,13.8,1.2,8801,578,18.1,1.2,6022,498,12.4,1,5889,522,12.1,1.1,5618,553,11.5,1.1,2096,267,4.3,0.5,1568,243,3.2,0.5,369,104,0.8,0.2,258,112,0.5,0.2,21718,851,(X),(X),32997,1019,(X),(X),31770,750,65.2,1.4,40195,1463,(X),(X),11539,627,23.7,1.3,10998,391,(X),(X),3161,332,6.5,0.7,10444,1089,(X),(X),10383,544,21.3,1.1,8897,283,(X),(X),4852,402,10,0.8,3753,358,(X),(X),26618,790,54.6,1.6,32912,671,32912,(X),6257,504,19,1.5,3843,496,11.7,1.5,6176,485,18.8,1.5,4493,464,13.7,1.4,4601,477,14,1.4,4229,477,12.8,1.4,1643,233,5,0.7,1174,201,3.6,0.6,287,99,0.9,0.3,209,103,0.6,0.3,25424,1433,(X),(X),36102,1470,(X),(X),11509,353,(X),(X),15829,653,15829,(X),13361,943,(X),(X),22451,1260,(X),(X),19944,757,(X),(X),27001,1124,(X),(X),29267,2487,(X),(X)
61,1,3801,12,"Washington Heights, Inwood & Marble Hill",73145,832,73145,(X),8604,650,11.8,0.9,5479,638,7.5,0.9,10024,712,13.7,1,8333,703,11.4,1,9111,792,12.5,1.1,12265,833,16.8,1.2,8304,617,11.4,0.8,6623,531,9.1,0.7,2205,289,3,0.4,2197,326,3,0.4,41513,1682,(X),(X),58399,1569,(X),(X),58043,948,79.4,1,62845,1979,(X),(X),19178,713,26.2,1,13068,431,(X),(X),7284,569,10,0.8,16454,1443,(X),(X),8868,657,12.1,0.9,8045,281,(X),(X),2867,350,3.9,0.5,2974,446,(X),(X),26154,1062,35.8,1.4,42296,1015,42296,(X),3027,427,7.2,1,2831,419,6.7,1,6713,598,15.9,1.4,5031,567,11.9,1.3,6097,706,14.4,1.6,7439,609,17.6,1.4,4530,476,10.7,1.1,3761,410,8.9,1,1403,243,3.3,0.6,1464,262,3.5,0.6,43397,2186,(X),(X),61434,2167,(X),(X),22349,677,(X),(X),30849,1093,30849,(X),34024,2172,(X),(X),49993,2343,(X),(X),23297,1212,(X),(X),35342,2110,(X),(X),37918,1548,(X),(X)
61,1,3802,9,"Hamilton Heights, Manhattanville & West Harlem",46716,763,46716,(X),8008,671,17.1,1.4,3276,471,7,1,5147,497,11,1.1,4819,566,10.3,1.2,5120,535,11,1.1,6150,571,13.2,1.2,4548,547,9.7,1.2,4328,489,9.3,1,2077,346,4.4,0.7,3243,401,6.9,0.8,41614,2454,(X),(X),71223,2770,(X),(X),34747,845,74.4,1.3,83061,3510,(X),(X),10656,628,22.8,1.3,13344,568,(X),(X),4642,489,9.9,1,22094,2851,(X),(X),4529,465,9.7,1,8779,888,(X),(X),1816,331,3.9,0.7,4096,615,(X),(X),10372,738,22.2,1.6,22859,936,22859,(X),2533,425,11.1,1.8,1359,352,5.9,1.5,2271,362,9.9,1.5,2741,402,12,1.7,3004,451,13.1,1.9,3021,382,13.2,1.5,1727,353,7.6,1.5,2642,358,11.6,1.5,1330,262,5.8,1.1,2231,303,9.8,1.3,47894,2629,(X),(X),88638,5479,(X),(X),28096,1221,(X),(X),23857,907,23857,(X),31163,3413,(X),(X),52750,2858,(X),(X),28898,2017,(X),(X),45093,3194,(X),(X),44582,2686,(X),(X)
61,1,3803,10,Central Harlem,52870,862,52870,(X),8572,649,16.2,1.2,4546,481,8.6,0.9,6169,520,11.7,0.9,5513,502,10.4,0.9,6566,613,12.4,1.2,8339,745,15.8,1.4,4209,416,8,0.8,4470,421,8.5,0.8,1975,280,3.7,0.5,2511,320,4.7,0.6,38028,1661,(X),(X),62030,2416,(X),(X),39105,886,74,1.2,72889,3374,(X),(X),10694,564,20.2,1,13883,561,(X),(X),4848,536,9.2,1,19340,1919,(X),(X),5747,482,10.9,0.9,8532,326,(X),(X),3189,358,6,0.7,3413,431,(X),(X),13140,711,24.9,1.3,25959,774,25959,(X),3183,438,12.3,1.6,1569,282,6,1.1,3203,380,12.3,1.4,2998,371,11.5,1.4,3855,456,14.9,1.7,4140,507,15.9,2,1871,294,7.2,1.1,2355,321,9.1,1.2,1085,224,4.2,0.9,1700,230,6.5,0.8,41835,2163,(X),(X),69918,3282,(X),(X),27227,1147,(X),(X),26911,945,26911,(X),32803,1839,(X),(X),52277,3113,(X),(X),33584,1163,(X),(X),49375,2974,(X),(X),44501,1626,(X),(X)
61,1,3804,11,East Harlem,46048,711,46048,(X),8880,750,19.3,1.6,5135,535,11.2,1.2,6067,558,13.2,1.2,4918,605,10.7,1.3,5744,577,12.5,1.2,5842,480,12.7,1,3099,385,6.7,0.8,3120,395,6.8,0.8,1361,286,3,0.6,1882,250,4.1,0.5,30857,1544,(X),(X),57125,2546,(X),(X),30877,948,67.1,1.6,70328,3475,(X),(X),12038,663,26.1,1.4,12603,509,(X),(X),4437,447,9.6,0.9,16329,1725,(X),(X),7089,628,15.4,1.3,8626,495,(X),(X),3481,433,7.6,0.9,3604,366,(X),(X),13723,788,29.8,1.6,24772,853,24772,(X),3610,447,14.6,1.8,1796,342,7.3,1.3,3379,455,13.6,1.7,3368,440,13.6,1.8,3583,462,14.5,1.8,3489,422,14.1,1.6,1813,306,7.3,1.2,1800,258,7.3,1,822,242,3.3,1,1112,206,4.5,0.8,35777,1991,(X),(X),64191,4257,(X),(X),24183,1222,(X),(X),21276,921,21276,(X),20627,2022,(X),(X),47081,3239,(X),(X),29867,1754,(X),(X),41429,2288,(X),(X),41120,1676,(X),(X)
61,1,3805,8,Upper East Side,116173,1709,116173,(X),5892,706,5.1,0.6,2677,567,2.3,0.5,6317,845,5.4,0.7,5202,722,4.5,0.6,7219,1034,6.2,0.9,14235,1066,12.3,0.9,12663,1174,10.9,1,18784,1093,16.2,0.9,10490,955,9,0.8,32694,1499,28.1,1.2,106940,2956,(X),(X),193055,5891,(X),(X),96442,1706,83,0.9,185397,6575,(X),(X),28901,1205,24.9,1,20683,536,(X),(X),12815,922,11,0.8,46482,6788,(X),(X),2989,528,2.6,0.4,9947,1638,(X),(X),1037,329,0.9,0.3,5386,1704,(X),(X),4437,747,3.8,0.6,47848,1499,47848,(X),975,320,2,0.7,211,123,0.4,0.3,1375,380,2.9,0.8,997,278,2.1,0.6,1609,415,3.4,0.9,3051,436,6.4,0.9,3472,573,7.3,1.2,7692,797,16.1,1.5,5287,677,11,1.4,23179,1192,48.4,2,189714,11297,(X),(X),307687,12096,(X),(X),104107,3008,(X),(X),68325,1999,68325,(X),76112,2167,(X),(X),112264,4924,(X),(X),75903,1561,(X),(X),113420,9045,(X),(X),78703,2994,(X),(X)
61,1,3806,7,Upper West Side & West Side,98293,1422,98293,(X),7052,837,7.2,0.8,3653,536,3.7,0.5,5887,701,6,0.7,5119,754,5.2,0.8,7343,793,7.5,0.8,10743,1005,10.9,1,9098,843,9.3,0.8,14683,975,14.9,0.9,10210,878,10.4,0.9,24505,1145,24.9,1.3,100746,3941,(X),(X),169989,6402,(X),(X),79161,1532,80.5,1.1,176064,6770,(X),(X),25039,935,25.5,0.9,19287,635,(X),(X),12924,924,13.1,0.9,34729,3550,(X),(X),3464,563,3.5,0.6,9378,889,(X),(X),1633,376,1.7,0.4,6811,1645,(X),(X),5945,704,6,0.7,41507,1392,41507,(X),1602,426,3.9,1,670,262,1.6,0.6,1642,363,4,0.9,1625,400,3.9,0.9,1829,330,4.4,0.8,2420,420,5.8,1,2849,476,6.9,1.1,6526,715,15.7,1.6,4974,687,12,1.6,17370,1083,41.8,2.4,161939,8040,(X),(X),253155,13485,(X),(X),86974,3132,(X),(X),56786,1581,56786,(X),68997,4163,(X),(X),108328,5618,(X),(X),67436,3423,(X),(X),108550,5986,(X),(X),82227,4226,(X),(X)
61,1,3807,4 & 5,"Chelsea, Clinton & Midtown Business Distric",82382,1223,82382,(X),5567,570,6.8,0.7,3819,473,4.6,0.6,5349,562,6.5,0.7,5093,624,6.2,0.7,6686,625,8.1,0.7,8972,805,10.9,0.9,7812,800,9.5,1,12608,914,15.3,1.1,7594,701,9.2,0.9,18882,1042,22.9,1.1,92246,3168,(X),(X),159413,6073,(X),(X),68673,1427,83.4,0.9,167120,5813,(X),(X),13866,808,16.8,1,17784,750,(X),(X),6702,550,8.1,0.7,30890,6685,(X),(X),3064,375,3.7,0.4,8353,683,(X),(X),1385,288,1.7,0.4,4395,942,(X),(X),6067,514,7.4,0.6,22046,1005,22046,(X),763,237,3.5,1.1,443,185,2,0.8,1155,297,5.2,1.3,932,225,4.2,1,1724,322,7.8,1.4,1936,334,8.8,1.5,2094,441,9.5,1.9,2720,440,12.3,1.9,2364,395,10.7,1.7,7915,707,35.9,2.8,134205,13668,(X),(X),240980,17107,(X),(X),92699,3326,(X),(X),60336,1423,60336,(X),81022,4149,(X),(X),128061,6715,(X),(X),69094,3500,(X),(X),105415,3466,(X),(X),81423,3723,(X),(X)
61,1,3808,6,"Murray Hill, Gramercy & Stuyvesant Town",79783,1322,79783,(X),4823,697,6,0.9,2356,504,3,0.6,4170,594,5.2,0.7,3073,494,3.9,0.6,5730,691,7.2,0.9,9205,946,11.5,1.2,9565,838,12,1,14476,1312,18.1,1.6,8361,751,10.5,0.9,18024,1147,22.6,1.4,102337,2919,(X),(X),157854,6971,(X),(X),64708,1506,81.1,1.3,164217,6494,(X),(X),17631,812,22.1,1,20379,825,(X),(X),9993,743,12.5,1,38487,4317,(X),(X),1733,486,2.2,0.6,10132,1184,(X),(X),1036,302,1.3,0.4,5040,1687,(X),(X),2433,484,3,0.6,23883,1078,23883,(X),568,219,2.4,0.9,397,187,1.7,0.8,479,274,2,1.1,520,187,2.2,0.8,1319,357,5.5,1.5,1704,378,7.1,1.5,1684,365,7.1,1.5,4544,714,19,2.8,2812,415,11.8,1.6,9856,738,41.3,2.6,162866,11828,(X),(X),247626,19840,(X),(X),89490,3793,(X),(X),55900,1530,55900,(X),85668,3393,(X),(X),118708,4817,(X),(X),74926,2253,(X),(X),102198,2342,(X),(X),81814,2715,(X),(X)
61,1,3809,3,Chinatown & Lower East Side,71101,1039,71101,(X),9732,706,13.7,1,6425,547,9,0.8,9704,864,13.6,1.2,6107,680,8.6,0.9,6456,603,9.1,0.9,9728,825,13.7,1.1,6386,572,9,0.8,7868,666,11.1,0.9,3592,419,5.1,0.6,5103,560,7.2,0.8,42873,2176,(X),(X),73719,2253,(X),(X),51607,1097,72.6,1,87949,2879,(X),(X),18740,840,26.4,1.2,12468,409,(X),(X),7016,586,9.9,0.8,17081,1726,(X),(X),7970,610,11.2,0.8,8228,437,(X),(X),3316,489,4.7,0.7,3740,524,(X),(X),17247,860,24.3,1.2,31084,950,31084,(X),2652,409,8.5,1.3,3050,437,9.8,1.4,4785,544,15.4,1.7,3640,452,11.7,1.4,3664,432,11.8,1.4,4345,477,14,1.4,2533,360,8.1,1.1,2746,429,8.8,1.3,1414,226,4.5,0.7,2255,356,7.3,1.1,40113,2342,(X),(X),73881,4026,(X),(X),34881,1186,(X),(X),40017,1209,40017,(X),44095,3992,(X),(X),72302,3314,(X),(X),37536,2289,(X),(X),59170,3745,(X),(X),51515,1869,(X),(X)
61,1,3810,1 & 2,"Battery Park City, Greenwich Village & Soho",78578,1174,78578,(X),4310,451,5.5,0.6,1841,282,2.3,0.4,3802,529,4.8,0.7,3154,423,4,0.5,4514,569,5.7,0.7,8633,787,11,1,7831,605,10,0.7,12607,932,16,1.2,8742,774,11.1,1,23144,1213,29.5,1.5,118108,3631,(X),(X),195508,7175,(X),(X),68211,1326,86.8,0.9,199569,6997,(X),(X),12284,575,15.6,0.8,18435,708,(X),(X),5810,556,7.4,0.7,35552,5100,(X),(X),1294,259,1.6,0.3,9102,1019,(X),(X),603,160,0.8,0.2,4450,1365,(X),(X),2684,290,3.4,0.4,26271,1041,26271,(X),668,232,2.5,0.9,368,127,1.4,0.5,802,211,3.1,0.8,628,172,2.4,0.6,961,206,3.7,0.8,1882,327,7.2,1.2,1661,284,6.3,1,3670,483,14,1.7,3232,457,12.3,1.7,12399,776,47.2,2.4,185032,12613,(X),(X),288103,15090,(X),(X),104046,3718,(X),(X),52307,1359,52307,(X),93855,3911,(X),(X),148208,6951,(X),(X),80606,1758,(X),(X),116792,7822,(X),(X),86103,3885,(X),(X)
85,5,3901,3,"Tottenville, Great Kills & Annadale",57855,570,57855,(X),2243,319,3.9,0.6,1825,331,3.2,0.6,3769,426,6.5,0.7,3339,411,5.8,0.7,4691,403,8.1,0.7,8915,635,15.4,1.1,8409,617,14.5,1,12318,709,21.3,1.2,6791,614,11.7,1.1,5555,470,9.6,0.8,86522,2286,(X),(X),103604,1923,(X),(X),45248,764,78.2,1,107962,2591,(X),(X),19973,772,34.5,1.3,19658,447,(X),(X),13271,664,22.9,1.1,32839,1703,(X),(X),1831,263,3.2,0.5,9685,757,(X),(X),743,159,1.3,0.3,5299,1217,(X),(X),3172,370,5.5,0.6,45215,816,45215,(X),974,262,2.2,0.6,875,191,1.9,0.4,1904,289,4.2,0.6,1998,305,4.4,0.7,3507,382,7.8,0.8,6819,633,15.1,1.4,6624,550,14.7,1.2,10979,684,24.3,1.4,6325,610,14,1.3,5210,457,11.5,1.1,99596,2891,(X),(X),115891,2401,(X),(X),36441,810,(X),(X),12640,700,12640,(X),41607,6513,(X),(X),54963,3828,(X),(X),50620,1047,(X),(X),72763,2317,(X),(X),55068,2610,(X),(X)
85,5,3902,2,New Springville & South Beach,46732,526,46732,(X),2267,349,4.9,0.7,1894,284,4.1,0.6,3432,385,7.3,0.8,3639,393,7.8,0.9,4929,504,10.5,1.1,7312,517,15.6,1.1,6423,570,13.7,1.2,8966,518,19.2,1.1,4718,427,10.1,0.9,3152,344,6.7,0.7,74728,1997,(X),(X),93121,2774,(X),(X),36509,648,78.1,1,96290,3188,(X),(X),15779,582,33.8,1.2,18837,477,(X),(X),9526,479,20.4,1,30425,2400,(X),(X),2710,331,5.8,0.7,9781,605,(X),(X),1316,204,2.8,0.4,3742,543,(X),(X),4681,412,10,0.9,34907,815,34907,(X),989,233,2.8,0.7,740,223,2.1,0.6,1651,296,4.7,0.8,2352,352,6.7,1,3478,427,10,1.2,5494,395,15.7,1.1,5228,513,15,1.4,7824,500,22.4,1.3,4303,412,12.3,1.2,2848,316,8.2,0.9,87172,3522,(X),(X),105341,3621,(X),(X),33371,987,(X),(X),11825,671,11825,(X),35758,2535,(X),(X),52436,3336,(X),(X),42948,1382,(X),(X),63341,2516,(X),(X),49274,1917,(X),(X)
85,5,3903,1,"Port Richmond, Stapleton & Mariner's Harbor",60492,752,60492,(X),6731,493,11.1,0.8,2662,313,4.4,0.5,5850,599,9.7,1,4743,481,7.8,0.8,6314,574,10.4,0.9,8966,611,14.8,1,7897,575,13.1,0.9,9907,574,16.4,1,4469,387,7.4,0.6,2953,321,4.9,0.5,60227,2296,(X),(X),76436,1805,(X),(X),46013,833,76.1,1,83422,2059,(X),(X),14892,607,24.6,1,17691,559,(X),(X),9642,541,15.9,0.9,27861,1446,(X),(X),3985,363,6.6,0.6,9447,473,(X),(X),3562,457,5.9,0.7,4200,520,(X),(X),12423,738,20.5,1.1,42292,919,42292,(X),3844,487,9.1,1.1,1219,255,2.9,0.6,3219,475,7.6,1.1,3109,413,7.4,1,4139,495,9.8,1.1,6273,548,14.8,1.3,5691,544,13.5,1.2,8170,522,19.3,1.3,3987,374,9.4,0.9,2641,308,6.2,0.7,71957,2835,(X),(X),86698,2363,(X),(X),26968,649,(X),(X),18200,749,18200,(X),35245,1973,(X),(X),48256,2247,(X),(X),39271,1700,(X),(X),55044,1862,(X),(X),49949,2397,(X),(X)
47,3,4001,1,Greenpoint & Williamsburg,60704,659,60704,(X),5927,507,9.8,0.8,5060,441,8.3,0.7,6630,454,10.9,0.7,5710,475,9.4,0.8,5996,457,9.9,0.8,8949,572,14.7,0.9,6884,498,11.3,0.8,8262,572,13.6,1,3666,433,6,0.7,3620,394,6,0.6,52413,1757,(X),(X),75051,2192,(X),(X),49561,806,81.6,1.1,83753,2540,(X),(X),10818,604,17.8,1,13436,533,(X),(X),3292,326,5.4,0.5,16714,1581,(X),(X),4179,450,6.9,0.7,8375,479,(X),(X),1867,292,3.1,0.5,4441,718,(X),(X),13083,605,21.6,1,29247,838,29247,(X),1978,295,6.8,1,2536,275,8.7,0.9,4109,378,14,1.3,3586,437,12.3,1.3,3300,441,11.3,1.4,3965,417,13.6,1.4,2733,363,9.3,1.2,3805,360,13,1.2,1432,258,4.9,0.9,1803,267,6.2,0.9,46490,1575,(X),(X),72778,2411,(X),(X),31345,914,(X),(X),31457,940,31457,(X),55688,3087,(X),(X),74989,3339,(X),(X),38954,1145,(X),(X),53536,2078,(X),(X),49761,1991,(X),(X)
47,3,4002,4,Bushwick,44766,527,44766,(X),6706,515,15,1.1,2918,385,6.5,0.9,6042,506,13.5,1.1,4742,466,10.6,1,6308,536,14.1,1.2,7743,492,17.3,1.1,4346,419,9.7,0.9,4060,406,9.1,0.9,1294,219,2.9,0.5,607,126,1.4,0.3,39262,1797,(X),(X),52653,1509,(X),(X),34850,735,77.8,1.3,59727,1866,(X),(X),7755,497,17.3,1.1,12311,460,(X),(X),2491,306,5.6,0.7,11945,1334,(X),(X),5722,483,12.8,1.1,8831,392,(X),(X),2569,335,5.7,0.7,3843,530,(X),(X),16597,690,37.1,1.5,28468,699,28468,(X),3321,370,11.7,1.3,1871,295,6.6,1,4533,483,15.9,1.6,3526,420,12.4,1.5,4217,453,14.8,1.5,5274,464,18.5,1.5,2302,301,8.1,1.1,2451,335,8.6,1.2,637,159,2.2,0.6,336,117,1.2,0.4,38051,1916,(X),(X),50812,2134,(X),(X),18013,497,(X),(X),16298,708,16298,(X),34925,3165,(X),(X),49101,2254,(X),(X),25349,672,(X),(X),30775,1241,(X),(X),33377,1273,(X),(X)
47,3,4003,3,Bedford-Stuyvesant,49745,649,49745,(X),7996,647,16.1,1.3,4536,385,9.1,0.8,6142,527,12.3,1.1,5228,472,10.5,1,6341,504,12.7,1,6990,580,14.1,1.1,4447,450,8.9,0.9,4923,475,9.9,0.9,1892,298,3.8,0.6,1250,191,2.5,0.4,37234,1724,(X),(X),54986,1936,(X),(X),36552,895,73.5,1.6,63332,2446,(X),(X),10754,548,21.6,1.1,12986,470,(X),(X),4981,423,10,0.8,19382,3574,(X),(X),5763,443,11.6,0.9,9010,407,(X),(X),3590,409,7.2,0.8,3918,471,(X),(X),17324,716,34.8,1.4,29010,778,29010,(X),3610,361,12.4,1.3,2211,281,7.6,1,3755,370,12.9,1.3,3284,319,11.3,1.1,3656,385,12.6,1.2,4425,479,15.3,1.5,2757,329,9.5,1.1,3030,391,10.4,1.3,1253,249,4.3,0.9,1029,187,3.5,0.6,41711,2398,(X),(X),60523,2804,(X),(X),20766,700,(X),(X),20735,696,20735,(X),28340,3356,(X),(X),43978,2277,(X),(X),31196,962,(X),(X),42417,1387,(X),(X),40629,1150,(X),(X)
47,3,4004,2,Brooklyn Heights & Fort Greene,54704,744,54704,(X),4551,396,8.3,0.7,2765,348,5.1,0.6,4475,486,8.2,0.9,3415,372,6.2,0.7,4906,445,9,0.8,6602,591,12.1,1.1,6666,506,12.2,0.9,8653,524,15.8,1,4875,395,8.9,0.7,7796,453,14.3,0.8,76670,1771,(X),(X),114179,2922,(X),(X),45066,736,82.4,0.9,123267,3547,(X),(X),10599,568,19.4,1,16028,515,(X),(X),5856,421,10.7,0.8,29516,3509,(X),(X),3367,332,6.2,0.6,8996,440,(X),(X),1830,268,3.3,0.5,4908,882,(X),(X),8038,427,14.7,0.8,25885,697,25885,(X),1489,254,5.8,1,1248,203,4.8,0.8,2151,347,8.3,1.3,1366,231,5.3,0.9,2190,308,8.5,1.2,2810,418,10.9,1.6,2601,347,10,1.2,4006,346,15.5,1.3,2658,258,10.3,0.9,5366,383,20.7,1.5,90625,5230,(X),(X),141904,5662,(X),(X),49353,1493,(X),(X),28819,847,28819,(X),64195,3364,(X),(X),86972,3542,(X),(X),50911,1108,(X),(X),72597,3435,(X),(X),64252,2183,(X),(X)
47,3,4005,6,"Park Slope, Carroll Gardens & Red Hook",49012,545,49012,(X),3033,371,6.2,0.8,1407,262,2.9,0.5,2145,296,4.4,0.6,2246,325,4.6,0.7,4016,485,8.2,1,6460,430,13.2,0.9,6017,504,12.3,1,8469,610,17.3,1.2,5667,406,11.6,0.8,9552,596,19.5,1.2,96138,2898,(X),(X),137671,5070,(X),(X),42524,705,86.8,1,141190,4718,(X),(X),8132,488,16.6,1,16978,793,(X),(X),4739,364,9.7,0.7,30409,4352,(X),(X),1952,303,4,0.6,8287,806,(X),(X),848,204,1.7,0.4,3398,1089,(X),(X),3922,329,8,0.7,26321,787,26321,(X),919,248,3.5,0.9,626,188,2.4,0.7,934,209,3.5,0.8,1125,215,4.3,0.8,1918,298,7.3,1.1,2760,326,10.5,1.2,2605,279,9.9,1,4732,463,18,1.7,3493,335,13.3,1.2,7209,531,27.4,2,123621,4577,(X),(X),170662,8611,(X),(X),59591,2179,(X),(X),22691,851,22691,(X),75376,4458,(X),(X),95311,4842,(X),(X),57706,2268,(X),(X),80224,2509,(X),(X),67463,2520,(X),(X)
47,3,4006,8,Crown Heights North & Prospect Heights,50975,537,50975,(X),6816,548,13.4,1.1,3962,385,7.8,0.8,6036,541,11.8,1,5119,468,10,0.9,6672,599,13.1,1.2,8077,670,15.8,1.3,5155,446,10.1,0.8,5329,493,10.5,0.9,1999,292,3.9,0.6,1810,254,3.6,0.5,42127,1804,(X),(X),61676,1978,(X),(X),39253,781,77,1.3,69359,2051,(X),(X),10413,504,20.4,1,13403,458,(X),(X),4748,371,9.3,0.7,19625,3521,(X),(X),4161,415,8.2,0.8,8726,427,(X),(X),3160,360,6.2,0.7,3562,468,(X),(X),12757,604,25,1.2,26365,721,26365,(X),3160,385,12,1.4,1763,289,6.7,1.1,2898,368,11,1.4,2682,372,10.2,1.4,3418,402,13,1.5,4319,515,16.4,1.8,2743,336,10.4,1.2,2766,307,10.5,1.1,1371,237,5.2,0.9,1245,185,4.7,0.7,45644,3936,(X),(X),68405,3080,(X),(X),26430,873,(X),(X),24610,706,24610,(X),36482,2132,(X),(X),51965,2310,(X),(X),35690,707,(X),(X),45540,1952,(X),(X),42433,1208,(X),(X)
47,3,4007,16,Brownsville & Ocean Hill,43109,405,43109,(X),9212,589,21.4,1.4,4684,495,10.9,1.1,6218,537,14.4,1.2,4701,438,10.9,1,5837,428,13.5,1,5893,500,13.7,1.2,2939,324,6.8,0.8,2614,353,6.1,0.8,702,134,1.6,0.3,309,121,0.7,0.3,27866,1508,(X),(X),40788,1528,(X),(X),29406,722,68.2,1.6,49020,1747,(X),(X),9871,553,22.9,1.3,12386,384,(X),(X),4174,358,9.7,0.8,18288,3490,(X),(X),5180,446,12,1,8595,372,(X),(X),4150,411,9.6,0.9,3777,438,(X),(X),17604,702,40.8,1.6,29940,632,29940,(X),5360,496,17.9,1.7,2670,395,8.9,1.3,4444,418,14.8,1.3,3450,380,11.5,1.2,3944,341,13.2,1.1,4433,459,14.8,1.5,2531,331,8.5,1.1,2268,320,7.6,1,573,123,1.9,0.4,267,106,0.9,0.4,31667,1867,(X),(X),45604,1966,(X),(X),15564,769,(X),(X),13169,545,13169,(X),16547,1582,(X),(X),26798,1594,(X),(X),26326,915,(X),(X),34461,1635,(X),(X),35257,1230,(X),(X)
47,3,4008,5,East New York & Starrett City,51280,520,51280,(X),9986,772,19.5,1.5,4258,421,8.3,0.8,6279,509,12.2,1,5559,472,10.8,0.9,7692,552,15,1.1,8014,576,15.6,1.1,4428,470,8.6,0.9,3538,401,6.9,0.8,917,204,1.8,0.4,609,178,1.2,0.3,34152,1504,(X),(X),45706,1297,(X),(X),35966,784,70.1,1.4,55101,1750,(X),(X),10421,545,20.3,1.1,13052,510,(X),(X),4546,408,8.9,0.8,18930,3301,(X),(X),5244,459,10.2,0.9,9321,326,(X),(X),3844,415,7.5,0.8,5155,893,(X),(X),14806,682,28.9,1.3,35544,743,35544,(X),5275,487,14.8,1.4,2407,345,6.8,1,4527,386,12.7,1.1,3839,417,10.8,1.2,5574,455,15.7,1.2,6204,558,17.5,1.5,3435,398,9.7,1.1,2929,336,8.2,0.9,821,193,2.3,0.5,533,175,1.5,0.5,39487,1837,(X),(X),51077,1687,(X),(X),16238,464,(X),(X),15736,720,15736,(X),19102,2194,(X),(X),29177,1740,(X),(X),28145,1164,(X),(X),35837,1380,(X),(X),35500,1346,(X),(X)
47,3,4009,18,Canarsie & Flatlands,68429,512,68429,(X),4610,368,6.7,0.6,2333,240,3.4,0.4,5465,389,8,0.6,5934,473,8.7,0.7,8654,511,12.6,0.7,12244,654,17.9,0.9,9761,551,14.3,0.8,11186,592,16.3,0.9,5140,399,7.5,0.6,3102,318,4.5,0.5,64323,1389,(X),(X),79519,1293,(X),(X),56948,717,83.2,0.8,81758,1501,(X),(X),17709,688,25.9,1,16675,391,(X),(X),10148,524,14.8,0.8,22719,1159,(X),(X),4313,367,6.3,0.5,9433,524,(X),(X),2067,247,3,0.4,3747,570,(X),(X),9935,488,14.5,0.7,51939,735,51939,(X),2428,258,4.7,0.5,1131,190,2.2,0.4,3177,308,6.1,0.6,3992,407,7.7,0.8,6606,474,12.7,0.9,9411,539,18.1,1,7722,516,14.9,0.9,9813,532,18.9,1,4779,380,9.2,0.7,2880,315,5.5,0.6,72706,1810,(X),(X),88251,1661,(X),(X),26995,504,(X),(X),16490,673,16490,(X),36457,3454,(X),(X),47236,2339,(X),(X),36987,815,(X),(X),49118,1356,(X),(X),45626,1023,(X),(X)
47,3,4010,17,"East Flatbush, Farragut & Rugby",48215,630,48215,(X),4993,490,10.4,1,2779,339,5.8,0.7,5505,503,11.4,1,5305,435,11,0.9,7357,451,15.3,1,8606,581,17.8,1.2,5843,430,12.1,0.9,5167,372,10.7,0.8,1727,240,3.6,0.5,933,169,1.9,0.3,45842,1384,(X),(X),59557,1628,(X),(X),38207,731,79.2,1.2,62261,1754,(X),(X),12813,591,26.6,1.1,16062,522,(X),(X),6435,403,13.3,0.8,22644,3614,(X),(X),3023,342,6.3,0.7,8885,566,(X),(X),2169,325,4.5,0.7,3599,541,(X),(X),10447,616,21.7,1.3,33013,713,33013,(X),2341,310,7.1,0.9,1478,257,4.5,0.8,2982,348,9,1.1,3428,346,10.4,1.1,4891,386,14.8,1.1,6356,473,19.3,1.4,4841,450,14.7,1.3,4374,345,13.2,1,1479,236,4.5,0.7,843,164,2.6,0.5,54385,1825,(X),(X),67952,1947,(X),(X),22299,540,(X),(X),15202,772,15202,(X),27550,1673,(X),(X),36543,1533,(X),(X),32584,773,(X),(X),42418,1249,(X),(X),38172,1250,(X),(X)
47,3,4011,9,"Crown Heights South, Prospect Lefferts & Wingate",40632,529,40632,(X),4571,440,11.2,1.1,3109,328,7.7,0.8,4911,483,12.1,1.2,4709,430,11.6,1.1,5965,444,14.7,1.1,7460,551,18.4,1.3,4480,480,11,1.1,3448,304,8.5,0.7,1149,219,2.8,0.5,830,152,2,0.4,41879,1231,(X),(X),56061,1810,(X),(X),32163,701,79.2,1.1,59984,2071,(X),(X),10004,550,24.6,1.3,14326,541,(X),(X),4397,397,10.8,1,18420,1903,(X),(X),3207,418,7.9,1,9293,660,(X),(X),1939,326,4.8,0.8,3258,497,(X),(X),9886,724,24.3,1.8,24555,691,24555,(X),1710,309,7,1.2,1435,225,5.8,0.9,2830,413,11.5,1.6,2802,333,11.4,1.3,3723,377,15.2,1.5,4850,470,19.8,1.9,3093,405,12.6,1.5,2572,290,10.5,1.2,935,180,3.8,0.7,605,139,2.5,0.6,49217,2325,(X),(X),63221,2703,(X),(X),21531,704,(X),(X),16077,563,16077,(X),29597,2257,(X),(X),41901,3358,(X),(X),30795,853,(X),(X),41210,1592,(X),(X),39795,2068,(X),(X)
47,3,4012,7,Sunset Park & Windsor Terrace,46359,557,46359,(X),4153,401,9,0.9,3317,349,7.2,0.8,6175,505,13.3,1.1,5343,472,11.5,1,6361,523,13.7,1.1,7413,507,16,1.1,4855,456,10.5,1,5170,395,11.2,0.8,1754,244,3.8,0.5,1818,272,3.9,0.6,44320,1509,(X),(X),63811,1859,(X),(X),38696,755,83.5,1,67971,2137,(X),(X),8555,494,18.5,1,13562,568,(X),(X),3389,367,7.3,0.8,18404,1987,(X),(X),3761,326,8.1,0.7,8934,449,(X),(X),2001,339,4.3,0.7,5735,693,(X),(X),12548,558,27.1,1.1,32461,675,32461,(X),2234,308,6.9,0.9,2250,259,6.9,0.8,5220,492,16.1,1.5,4156,443,12.8,1.3,4512,403,13.9,1.3,4955,438,15.3,1.3,3025,337,9.3,1.1,3278,348,10.1,1,1386,221,4.3,0.7,1445,241,4.5,0.7,42630,1907,(X),(X),64570,2399,(X),(X),20528,570,(X),(X),13898,605,13898,(X),38906,2772,(X),(X),52795,2363,(X),(X),22692,912,(X),(X),31624,1004,(X),(X),37041,1536,(X),(X)
47,3,4013,10,Bay Ridge & Dyker Heights,50091,538,50091,(X),3529,373,7,0.7,2657,269,5.3,0.5,5508,379,11,0.8,4667,357,9.3,0.7,5760,413,11.5,0.8,8757,514,17.5,1,5830,427,11.6,0.8,6923,398,13.8,0.8,3269,304,6.5,0.6,3191,280,6.4,0.6,56454,2051,(X),(X),79663,1927,(X),(X),39017,735,77.9,1.1,85407,2108,(X),(X),14093,558,28.1,1.1,16890,431,(X),(X),6987,412,13.9,0.8,25351,2017,(X),(X),2612,291,5.2,0.6,10263,683,(X),(X),1797,301,3.6,0.6,4329,675,(X),(X),7140,410,14.3,0.8,31023,678,31023,(X),1414,226,4.6,0.7,1217,170,3.9,0.5,2920,248,9.4,0.8,2826,273,9.1,0.9,3537,378,11.4,1.1,5423,441,17.5,1.3,3554,327,11.5,1,4749,302,15.3,1,2702,253,8.7,0.8,2681,258,8.6,0.8,65601,1996,(X),(X),90294,2466,(X),(X),31147,830,(X),(X),19068,583,19068,(X),44152,2669,(X),(X),59951,2772,(X),(X),38570,1405,(X),(X),52221,1388,(X),(X),52464,1072,(X),(X)
47,3,4014,12,"Borough Park, Kensington & Ocean Parkway",47037,540,47037,(X),4095,345,8.7,0.7,4261,389,9.1,0.8,7492,430,15.9,0.9,5669,475,12.1,1,5989,409,12.7,0.9,6988,526,14.9,1.1,4416,374,9.4,0.8,4660,350,9.9,0.7,1953,215,4.2,0.5,1514,209,3.2,0.4,39817,1501,(X),(X),59881,1607,(X),(X),37686,629,80.1,1,62192,1634,(X),(X),10927,477,23.2,1,16458,499,(X),(X),4028,330,8.6,0.7,20581,1738,(X),(X),3428,345,7.3,0.7,9584,429,(X),(X),2237,313,4.8,0.7,7249,926,(X),(X),13234,552,28.1,1.1,34996,642,34996,(X),1993,279,5.7,0.8,2819,308,8.1,0.8,5522,349,15.8,0.9,4481,425,12.8,1.2,4632,389,13.2,1.1,5302,422,15.2,1.2,3325,311,9.5,0.9,3942,343,11.3,1,1660,208,4.7,0.6,1320,198,3.8,0.6,43191,1201,(X),(X),64812,2095,(X),(X),17435,471,(X),(X),12041,510,12041,(X),25060,2512,(X),(X),40664,2453,(X),(X),25046,787,(X),(X),37807,2313,(X),(X),35550,1681,(X),(X)
47,3,4015,14,Flatbush & Midwood,56394,512,56394,(X),6388,535,11.3,0.9,3656,399,6.5,0.7,6389,463,11.3,0.8,6241,516,11.1,0.9,7563,533,13.4,0.9,9987,638,17.7,1.1,6065,516,10.8,0.9,5628,407,10,0.7,2329,285,4.1,0.5,2148,254,3.8,0.4,44812,1759,(X),(X),64540,1684,(X),(X),44938,748,79.7,1.1,69369,1849,(X),(X),12029,561,21.3,1,15076,485,(X),(X),5216,409,9.2,0.7,24740,1881,(X),(X),5119,400,9.1,0.7,9596,435,(X),(X),2465,358,4.4,0.6,5166,736,(X),(X),14690,622,26,1.1,36179,838,36179,(X),2240,358,6.2,0.9,2041,293,5.6,0.8,3739,404,10.3,1.1,4195,382,11.6,1,5082,427,14,1.1,6478,499,17.9,1.3,4185,383,11.6,1.1,4336,369,12,1,2007,260,5.5,0.7,1876,219,5.2,0.6,52900,2188,(X),(X),75317,2477,(X),(X),23678,671,(X),(X),20215,779,20215,(X),30700,1693,(X),(X),41984,1789,(X),(X),30459,760,(X),(X),42371,1821,(X),(X),39720,1873,(X),(X)
47,3,4016,15,"Sheepshead Bay, Gerritsen Beach & Homecrest",56404,675,56404,(X),5365,501,9.5,0.9,3880,398,6.9,0.7,6301,496,11.2,0.9,5340,486,9.5,0.8,6759,595,12,1,9187,597,16.3,1.1,6057,494,10.7,0.8,8081,496,14.3,0.8,2575,287,4.6,0.5,2859,295,5.1,0.5,51282,1761,(X),(X),71312,1864,(X),(X),41320,776,73.3,0.9,80524,2379,(X),(X),15626,620,27.7,1.1,16727,384,(X),(X),7674,428,13.6,0.7,25706,1448,(X),(X),4904,390,8.7,0.7,10106,454,(X),(X),1599,257,2.8,0.5,3880,731,(X),(X),9558,610,16.9,1.1,37476,670,37476,(X),1866,305,5,0.8,1746,259,4.7,0.7,3673,427,9.8,1.1,3370,383,9,1,4370,470,11.7,1.2,6366,494,17,1.3,4257,370,11.4,1,6900,451,18.4,1.2,2312,255,6.2,0.7,2616,270,7,0.7,63477,2175,(X),(X),84816,2545,(X),(X),27822,751,(X),(X),18928,700,18928,(X),29544,2745,(X),(X),42441,1739,(X),(X),37717,1238,(X),(X),51871,1143,(X),(X),44535,1643,(X),(X)
47,3,4017,11,Bensonhurst & Bath Beach,63126,531,63126,(X),5422,356,8.6,0.6,4233,355,6.7,0.6,7756,427,12.3,0.7,6473,491,10.3,0.8,8805,543,13.9,0.8,11248,540,17.8,0.8,6908,469,10.9,0.7,7481,615,11.9,1,2819,296,4.5,0.5,1981,242,3.1,0.4,47302,1675,(X),(X),65684,1664,(X),(X),47939,782,75.9,1,71783,1801,(X),(X),18473,707,29.3,1.1,15934,384,(X),(X),7711,472,12.2,0.7,18877,2473,(X),(X),6298,480,10,0.7,9278,353,(X),(X),2507,270,4,0.4,3840,475,(X),(X),13083,577,20.7,0.9,45834,815,45834,(X),2315,245,5.1,0.5,2357,249,5.1,0.5,4836,386,10.6,0.8,4703,422,10.3,0.9,6855,462,15,1,8727,541,19,1.1,5500,456,12,1,6331,504,13.8,1.1,2479,273,5.4,0.6,1731,232,3.8,0.5,54471,1602,(X),(X),72591,1912,(X),(X),23274,540,(X),(X),17292,686,17292,(X),26533,2137,(X),(X),42653,3361,(X),(X),30070,856,(X),(X),41476,770,(X),(X),38520,1503,(X),(X)
47,3,4018,13,Brighton Beach & Coney Island,44389,604,44389,(X),8515,554,19.2,1.2,4620,440,10.4,1,6114,586,13.8,1.3,4226,499,9.5,1.1,5055,492,11.4,1.1,6262,521,14.1,1.2,3161,364,7.1,0.8,3633,420,8.2,0.9,1641,310,3.7,0.7,1162,201,2.6,0.5,31290,1525,(X),(X),52999,2173,(X),(X),27083,780,61,1.5,68911,3622,(X),(X),13499,545,30.4,1.2,14375,571,(X),(X),5068,437,11.4,1,20236,1690,(X),(X),9400,590,21.2,1.3,9695,290,(X),(X),1906,243,4.3,0.5,3960,552,(X),(X),15553,677,35,1.5,26296,830,26296,(X),1851,351,7,1.3,2445,324,9.3,1.2,3449,423,13.1,1.5,2727,368,10.4,1.4,3446,417,13.1,1.5,4434,375,16.9,1.3,2375,274,9,1,3090,415,11.8,1.5,1439,294,5.5,1.1,1040,191,4,0.7,45139,2694,(X),(X),67802,3360,(X),(X),22781,959,(X),(X),18093,852,18093,(X),15013,1382,(X),(X),30161,2539,(X),(X),30891,1235,(X),(X),43038,2351,(X),(X),40267,1829,(X),(X)
81,4,4101,1,Astoria & Long Island City,72987,766,72987,(X),6448,565,8.8,0.8,4093,366,5.6,0.5,7955,524,10.9,0.7,6701,521,9.2,0.7,9729,531,13.3,0.7,13034,704,17.9,0.9,8962,513,12.3,0.7,9839,633,13.5,0.8,3726,378,5.1,0.5,2500,296,3.4,0.4,52167,1273,(X),(X),68690,1514,(X),(X),59201,958,81.1,1,74258,1535,(X),(X),15797,678,21.6,0.9,15258,392,(X),(X),7120,520,9.8,0.7,18182,2277,(X),(X),3663,338,5,0.5,8727,588,(X),(X),2507,301,3.4,0.4,4425,707,(X),(X),9956,495,13.6,0.7,37602,1064,37602,(X),2180,306,5.8,0.8,1608,255,4.3,0.7,4169,413,11.1,1.1,3884,392,10.3,1.1,5532,518,14.7,1.2,6541,560,17.4,1.4,4231,399,11.3,0.9,5552,451,14.8,1.1,2260,296,6,0.8,1645,245,4.4,0.6,54069,2554,(X),(X),74095,2263,(X),(X),30299,713,(X),(X),35385,1014,35385,(X),49024,2604,(X),(X),61433,2014,(X),(X),35583,942,(X),(X),49222,1512,(X),(X),46507,993,(X),(X)
81,4,4102,3,Jackson Heights & North Corona,55504,739,55504,(X),3779,445,6.8,0.8,2392,355,4.3,0.6,7323,740,13.2,1.3,6951,673,12.5,1.2,8083,526,14.6,0.9,10098,655,18.2,1.2,7349,595,13.2,1.1,6247,534,11.3,0.9,1889,278,3.4,0.5,1393,258,2.5,0.5,48511,1566,(X),(X),63043,1799,(X),(X),46956,883,84.6,1,65512,2040,(X),(X),12542,598,22.6,1.1,14838,469,(X),(X),5895,435,10.6,0.8,16529,1522,(X),(X),2675,340,4.8,0.6,9345,572,(X),(X),2459,369,4.4,0.7,3891,527,(X),(X),10390,617,18.7,1.1,37241,850,37241,(X),1821,285,4.9,0.8,1327,209,3.6,0.6,5258,596,14.1,1.5,4795,496,12.9,1.3,5790,547,15.5,1.3,6840,535,18.4,1.4,4704,505,12.6,1.4,4471,510,12,1.3,1373,221,3.7,0.6,862,195,2.3,0.5,49017,1864,(X),(X),63934,2132,(X),(X),20669,644,(X),(X),18263,846,18263,(X),35724,2811,(X),(X),49781,3231,(X),(X),25032,632,(X),(X),31101,850,(X),(X),32421,1257,(X),(X)
81,4,4103,7,"Flushing, Murray Hill & Whitestone",87327,924,87327,(X),7313,639,8.4,0.7,4007,479,4.6,0.5,9764,781,11.2,0.9,8955,707,10.3,0.8,10586,652,12.1,0.7,15287,864,17.5,1,10282,698,11.8,0.8,12121,683,13.9,0.8,5058,473,5.8,0.5,3954,350,4.5,0.4,53946,1184,(X),(X),72105,1438,(X),(X),68171,1016,78.1,0.8,75849,1657,(X),(X),25889,877,29.6,1,17124,440,(X),(X),11778,628,13.5,0.7,24188,1574,(X),(X),4980,477,5.7,0.5,8846,528,(X),(X),1991,304,2.3,0.3,4768,774,(X),(X),10529,634,12.1,0.7,61933,1082,61933,(X),3117,442,5,0.7,2326,359,3.8,0.6,6263,654,10.1,1,6608,520,10.7,0.8,7964,608,12.9,1,10825,672,17.5,1,7509,564,12.1,0.9,9830,607,15.9,1,4142,421,6.7,0.7,3349,336,5.4,0.5,59606,2386,(X),(X),78546,1539,(X),(X),26319,507,(X),(X),25394,1041,25394,(X),36497,2437,(X),(X),51907,2725,(X),(X),31076,689,(X),(X),44985,1722,(X),(X),41910,1472,(X),(X)
81,4,4104,11,"Bayside, Douglaston & Little Neck",43797,432,43797,(X),1824,269,4.2,0.6,1499,231,3.4,0.5,3236,370,7.4,0.8,3218,369,7.3,0.8,4234,355,9.7,0.8,7283,537,16.6,1.2,6744,500,15.4,1.1,8514,476,19.4,1.1,3976,404,9.1,0.9,3269,384,7.5,0.9,77062,2293,(X),(X),92882,2517,(X),(X),34974,602,79.9,1.3,95656,2996,(X),(X),14056,622,32.1,1.4,19261,452,(X),(X),7449,403,17,0.9,29621,1935,(X),(X),1484,209,3.4,0.5,9693,980,(X),(X),535,135,1.2,0.3,5075,1097,(X),(X),2643,295,6,0.7,30900,671,30900,(X),747,202,2.4,0.7,647,184,2.1,0.6,1601,235,5.2,0.8,1930,308,6.2,1,2862,344,9.3,1,5118,461,16.6,1.4,4937,385,16,1.2,6642,445,21.5,1.4,3362,346,10.9,1.1,3054,361,9.9,1.2,88019,3212,(X),(X),105026,3226,(X),(X),34634,869,(X),(X),12897,593,12897,(X),50556,3218,(X),(X),60359,2515,(X),(X),42718,1558,(X),(X),60501,1840,(X),(X),54697,2181,(X),(X)
81,4,4105,13,"Queens Village, Cambria Heights & Rosedale",61260,565,61260,(X),2336,271,3.8,0.4,1770,296,2.9,0.5,4007,416,6.5,0.7,4208,420,6.9,0.7,6929,572,11.3,0.9,10400,576,17,0.9,9583,548,15.6,0.9,12788,702,20.9,1.1,6192,518,10.1,0.9,3047,314,5,0.5,77713,2159,(X),(X),89846,1820,(X),(X),50594,756,82.6,0.9,88221,2043,(X),(X),20041,626,32.7,1,18493,311,(X),(X),13958,525,22.8,0.8,26240,1251,(X),(X),2551,274,4.2,0.5,9367,546,(X),(X),2230,260,3.6,0.4,4389,615,(X),(X),7368,446,12,0.7,47318,886,47318,(X),1216,226,2.6,0.5,795,204,1.7,0.4,2422,289,5.1,0.6,2852,357,6,0.7,4967,460,10.5,0.9,7815,512,16.5,1,8032,522,17,1.1,11227,597,23.7,1.2,5339,457,11.3,1,2653,302,5.6,0.6,85841,2311,(X),(X),96756,2021,(X),(X),29055,558,(X),(X),13942,721,13942,(X),43766,2626,(X),(X),56907,3509,(X),(X),37326,813,(X),(X),50709,1210,(X),(X),45614,1285,(X),(X)
81,4,4106,8,"Briarwood, Fresh Meadows & Hillcrest",54626,674,54626,(X),3983,436,7.3,0.8,2332,403,4.3,0.7,5543,473,10.1,0.9,4539,461,8.3,0.8,6879,641,12.6,1.1,9996,628,18.3,1.1,6696,486,12.3,0.9,8457,687,15.5,1.2,3807,384,7,0.7,2394,336,4.4,0.6,59128,2680,(X),(X),76323,2045,(X),(X),43874,866,80.3,1.1,78040,1978,(X),(X),13904,655,25.5,1.2,18000,535,(X),(X),8106,516,14.8,1,27661,3419,(X),(X),2535,300,4.6,0.6,8548,612,(X),(X),1793,311,3.3,0.6,4693,1003,(X),(X),5901,515,10.8,1,36799,1003,36799,(X),1571,362,4.3,1,1014,240,2.8,0.6,2989,383,8.1,1.1,2625,371,7.1,1,4490,523,12.2,1.3,7043,545,19.1,1.5,4849,466,13.2,1.2,6841,649,18.6,1.6,3237,352,8.8,0.9,2140,310,5.8,0.8,71060,2655,(X),(X),87506,2588,(X),(X),27697,846,(X),(X),17827,820,17827,(X),37205,2757,(X),(X),50176,2660,(X),(X),35791,1242,(X),(X),51177,1403,(X),(X),49011,1639,(X),(X)
81,4,4107,4,Elmhurst & South Corona,44433,516,44433,(X),3428,445,7.7,1,2705,373,6.1,0.8,5649,518,12.7,1.2,5319,656,12,1.5,6617,617,14.9,1.4,8787,614,19.8,1.4,4682,550,10.5,1.2,4810,560,10.8,1.3,1362,253,3.1,0.6,1074,218,2.4,0.5,45883,1918,(X),(X),60436,2151,(X),(X),37152,651,83.6,1,63270,2460,(X),(X),9499,498,21.4,1.2,14335,698,(X),(X),3676,337,8.3,0.8,21369,3113,(X),(X),2639,375,5.9,0.8,8849,746,(X),(X),2212,366,5,0.8,3431,500,(X),(X),9275,574,20.9,1.3,31620,874,31620,(X),1754,316,5.5,1,1543,280,4.9,0.9,4333,456,13.7,1.4,3772,449,11.9,1.4,4880,506,15.4,1.6,6491,643,20.5,1.8,3551,419,11.2,1.4,3550,511,11.2,1.6,901,181,2.8,0.6,845,198,2.7,0.6,47993,2696,(X),(X),62706,2584,(X),(X),19767,694,(X),(X),12813,769,12813,(X),31512,3543,(X),(X),43148,3106,(X),(X),25046,724,(X),(X),32151,1347,(X),(X),34248,2226,(X),(X)
81,4,4108,6,Forest Hills & Rego Park,51084,550,51084,(X),3300,403,6.5,0.8,2379,370,4.7,0.7,4638,493,9.1,1,3762,471,7.4,0.9,6339,583,12.4,1.2,8904,601,17.4,1.2,6514,631,12.8,1.2,8046,610,15.8,1.2,3853,466,7.5,0.9,3349,314,6.6,0.6,62328,2789,(X),(X),84744,2296,(X),(X),39310,860,77,1.3,93579,2565,(X),(X),14271,688,27.9,1.4,17820,515,(X),(X),6555,513,12.8,1,24274,2238,(X),(X),2461,349,4.8,0.7,9214,597,(X),(X),752,206,1.5,0.4,3927,806,(X),(X),4360,404,8.5,0.8,27556,882,27556,(X),742,193,2.7,0.7,785,182,2.8,0.7,1840,317,6.7,1.1,1707,302,6.2,1.1,2953,343,10.7,1.2,4291,438,15.6,1.5,3819,467,13.9,1.6,5805,492,21.1,1.6,2945,371,10.7,1.3,2669,301,9.7,1.1,84849,4311,(X),(X),104417,3793,(X),(X),39668,1063,(X),(X),23528,838,23528,(X),45992,2193,(X),(X),60254,3119,(X),(X),50264,1379,(X),(X),63649,3929,(X),(X),60003,2248,(X),(X)
81,4,4109,2,Sunnyside & Woodside,51697,514,51697,(X),3186,367,6.2,0.7,2361,364,4.6,0.7,4910,441,9.5,0.8,5135,446,9.9,0.9,7279,495,14.1,1,9794,729,18.9,1.4,6430,478,12.4,0.9,7054,521,13.6,1,2631,357,5.1,0.7,2917,346,5.6,0.7,56713,1874,(X),(X),75575,2017,(X),(X),44070,660,85.2,0.9,78992,2181,(X),(X),9367,498,18.1,1,15975,596,(X),(X),4639,421,9,0.8,20640,2524,(X),(X),1973,320,3.8,0.6,8581,846,(X),(X),1850,318,3.6,0.6,4034,546,(X),(X),5059,498,9.8,1,29798,698,29798,(X),1012,230,3.4,0.8,1013,249,3.4,0.8,2842,356,9.5,1.2,2860,365,9.6,1.2,4590,491,15.4,1.7,5614,535,18.8,1.7,3938,394,13.2,1.4,4291,438,14.4,1.4,1782,295,6,1,1856,277,6.2,0.9,61171,2403,(X),(X),81317,2697,(X),(X),29797,825,(X),(X),21899,726,21899,(X),47055,3759,(X),(X),63391,3498,(X),(X),32630,1027,(X),(X),41096,1321,(X),(X),42652,2056,(X),(X)
81,4,4110,5,"Ridgewood, Glendale & Middle Village",61322,619,61322,(X),5003,407,8.2,0.7,2856,328,4.7,0.5,6547,506,10.7,0.8,5345,400,8.7,0.6,7429,449,12.1,0.7,10742,628,17.5,1,8846,510,14.4,0.8,9096,594,14.8,1,3294,305,5.4,0.5,2164,255,3.5,0.4,57540,2115,(X),(X),71266,1414,(X),(X),47625,866,77.7,1.1,77513,1588,(X),(X),16632,573,27.1,1,17444,382,(X),(X),7853,368,12.8,0.6,21719,1425,(X),(X),2151,279,3.5,0.5,8676,666,(X),(X),1513,231,2.5,0.4,4273,670,(X),(X),4788,407,7.8,0.7,40588,846,40588,(X),2274,351,5.6,0.8,1054,185,2.6,0.5,3289,380,8.1,0.9,3462,338,8.5,0.8,4682,351,11.5,0.9,7708,511,19,1.2,6495,448,16,1.1,7036,502,17.3,1.2,2792,273,6.9,0.7,1796,235,4.4,0.5,67987,1790,(X),(X),80922,1998,(X),(X),27112,547,(X),(X),20734,770,20734,(X),34341,2309,(X),(X),47066,1924,(X),(X),36797,831,(X),(X),46589,1250,(X),(X),41952,1201,(X),(X)
81,4,4111,9,Richmond Hill & Woodhaven,44827,446,44827,(X),2578,296,5.8,0.7,1919,240,4.3,0.5,4192,313,9.4,0.7,4018,419,9,0.9,5509,430,12.3,0.9,8925,426,19.9,0.9,6347,427,14.2,0.9,6682,416,14.9,0.9,2836,294,6.3,0.7,1821,247,4.1,0.5,60780,1295,(X),(X),75208,1573,(X),(X),38567,591,86,1,75907,1575,(X),(X),9746,504,21.7,1.1,15576,510,(X),(X),4669,354,10.4,0.8,23948,3656,(X),(X),2713,308,6.1,0.7,9083,592,(X),(X),1466,204,3.3,0.5,4711,937,(X),(X),7589,489,16.9,1.1,33689,612,33689,(X),1682,238,5,0.7,1176,166,3.5,0.5,2831,295,8.4,0.9,2899,342,8.6,1,4221,382,12.5,1.1,6565,389,19.5,1.1,4810,399,14.3,1.1,5516,386,16.4,1.2,2483,253,7.4,0.8,1506,212,4.5,0.6,63915,1813,(X),(X),79299,1774,(X),(X),23821,544,(X),(X),11138,523,11138,(X),43117,2741,(X),(X),54253,2891,(X),(X),31543,676,(X),(X),43020,1367,(X),(X),40144,1318,(X),(X)
81,4,4112,12,"Jamaica, Hollis & St. Albans",71175,941,71175,(X),5237,429,7.4,0.6,3693,387,5.2,0.5,7650,615,10.7,0.8,6941,502,9.8,0.7,10033,580,14.1,0.8,13261,707,18.6,0.9,9259,547,13,0.7,9665,596,13.6,0.9,3646,384,5.1,0.5,1790,255,2.5,0.4,52992,1408,(X),(X),66744,1303,(X),(X),57928,961,81.4,0.9,68778,1366,(X),(X),20111,701,28.3,1,15088,406,(X),(X),11704,628,16.4,0.8,21177,1145,(X),(X),5139,428,7.2,0.6,9001,545,(X),(X),3449,381,4.8,0.5,4512,671,(X),(X),16224,745,22.8,1,52602,887,52602,(X),2582,361,4.9,0.7,1657,207,3.2,0.4,4753,417,9,0.8,4969,471,9.4,0.9,7643,474,14.5,0.9,10227,563,19.4,1,7925,522,15.1,1,8106,499,15.4,1,3162,339,6,0.6,1578,227,3,0.4,59938,1573,(X),(X),73433,1502,(X),(X),21367,422,(X),(X),18573,736,18573,(X),29199,2189,(X),(X),40213,1806,(X),(X),30190,627,(X),(X),38878,1279,(X),(X),40242,807,(X),(X)
81,4,4113,10,Howard Beach & Ozone Park,40291,465,40291,(X),2144,314,5.3,0.8,1803,251,4.5,0.6,3841,354,9.5,0.9,3477,345,8.6,0.8,5197,449,12.9,1.1,7428,557,18.4,1.4,5526,462,13.7,1.1,6116,510,15.2,1.3,2786,331,6.9,0.8,1973,290,4.9,0.7,61589,1755,(X),(X),79325,2796,(X),(X),33557,610,83.3,1.2,79600,2546,(X),(X),11907,499,29.6,1.2,16940,563,(X),(X),6102,436,15.1,1.1,21282,1494,(X),(X),2680,320,6.7,0.8,7927,595,(X),(X),1530,264,3.8,0.7,4460,973,(X),(X),6281,448,15.6,1.1,32233,654,32233,(X),1132,170,3.5,0.5,921,181,2.9,0.6,2646,303,8.2,0.9,2818,324,8.7,1,4230,413,13.1,1.2,5957,516,18.5,1.6,4679,375,14.5,1.1,5552,466,17.2,1.4,2467,296,7.7,0.9,1831,270,5.7,0.8,68021,2428,(X),(X),85988,3422,(X),(X),24981,913,(X),(X),8058,565,8058,(X),32081,5066,(X),(X),43076,3501,(X),(X),31623,747,(X),(X),45587,1703,(X),(X),41410,1228,(X),(X)
81,4,4114,14,"Far Rockaway, Breezy Point & Broad Channel",39747,668,39747,(X),5109,481,12.9,1.2,2748,420,6.9,1,4458,469,11.2,1.2,3514,409,8.8,1.1,4471,549,11.2,1.4,6191,487,15.6,1.3,4631,460,11.7,1.1,4943,405,12.4,1,1980,325,5,0.8,1702,249,4.3,0.6,47926,2797,(X),(X),67305,2039,(X),(X),29459,694,74.1,1.3,73286,2252,(X),(X),10888,612,27.4,1.5,16330,663,(X),(X),6505,474,16.4,1.2,25724,2031,(X),(X),4453,502,11.2,1.2,8575,385,(X),(X),2008,304,5.1,0.8,3433,626,(X),(X),11170,690,28.1,1.6,26212,881,26212,(X),2233,347,8.5,1.2,1227,286,4.7,1.1,2578,433,9.8,1.6,2196,326,8.4,1.2,3182,469,12.1,1.7,4483,454,17.1,1.8,3314,430,12.6,1.6,3824,399,14.6,1.4,1772,307,6.8,1.1,1403,218,5.4,0.8,58846,2831,(X),(X),77006,2525,(X),(X),24098,774,(X),(X),13535,740,13535,(X),26043,2806,(X),(X),44820,3582,(X),(X),34151,1246,(X),(X),51072,2505,(X),(X),42295,1993,(X),(X)