,Boro,DCP_Boro,PUMA_ID,CD_Label,CD_Name,Pop16plE,Pop16plM,Pop16plP,LFE,LFM,LFP,LFZ,CvLFE,CvLFM,CvLFP,CvEm16plE,CvEm16plM,CvEm16plP,CvLFUEmE,CvLFUEmM,CvLFUEmP,CvLFUEmZ,LFArmdFE,LFArmdFM,LFArmdFP,LFArmdFZ,NLFE,NLFM,NLFP,NLFZ,CvLFE.1,CvLFM.1,CvLFP.1,CvLFZ.1,PctUEmP,PctUEmZ,F16plE,F16plM,F16plP,F16plLFE,F16plLFM,F16plLFP,F16plLFZ,F16plCvLFE,F16plCvLFM,F16plCvLFP,F16plCvLFZ,F16plCLFEE,F16plCLFEM,F16plCLFEP,F16plCLFEZ,OChU6E,OChU6M,OChU6P,OChU6Z,OChU6PLFE,OChU6PLFM,OChU6PLFP,OChU6PLFZ,OCh6t17E,OCh6t17M,OCh6t17P,OCh6t17Z,OC6t17PLFE,OC6t17PLFM,OC6t17PLFP,OC6t17PLFZ,Wrkr16plE,Wrkr16plM,Wrkr16plP,Wrkr16plZ,CW_DrvAlnE,CW_DrvAlnM,CW_DrvAlnP,CW_DrvAlnZ,CW_CrpldE,CW_CrpldM,CW_CrpldP,CW_CrpldZ,CW_PbTrnsE,CW_PbTrnsM,CW_PbTrnsP,CW_PbTrnsZ,CW_WlkdE,CW_WlkdM,CW_WlkdP,CW_WlkdZ,CW_OthE,CW_OthM,CW_OthP,CW_OthZ,CW_WrkdHmE,CW_WrkdHmM,CW_WrkdHmP,CW_WrkdHmZ,MnTrvTmE,MnTrvTmM,CvEm16plE.1,CvEm16plM.1,CvEm16plP.1,CvEm16plZ.1,MgBSciArtE,MgBSciArtM,MgBSciArtP,MgBSciArtZ,SrvcE,SrvcM,SrvcP,SrvcZ,SalesOffE,SalesOffM,SalesOffP,SalesOffZ,NRCnstMntE,NRCnstMntM,NRCnstMntP,NRCnstMntZ,PrdTrnsMME,PrdTrnsMMM,PrdTrnsMMP,PrdTrnsMMZ,CvEm16plE.2,CvEm16plM.2,CvEm16plP.2,CvEm16plZ.2,AgFFHME,AgFFHMM,AgFFHMP,AgFFHMZ,ConstctnE,ConstctnM,ConstctnP,ConstctnZ,MnfctrngE,MnfctrngM,MnfctrngP,MnfctrngZ,WhlsaleE,WhlsaleM,WhlsaleP,WhlsaleZ,RetailE,RetailM,RetailP,RetailZ,TrWHUtE,TrWHUtM,TrWHUtP,TrWHUtZ,InfoE,InfoM,InfoP,InfoZ,FIREE,FIREM,FIREP,FIREZ,PrfSMgAWME,PrfSMgAWMM,PrfSMgAWMP,PrfSMgAWMZ,EdHlthCSAE,EdHlthCSAM,EdHlthCSAP,EdHlthCSAZ,ArtEnRAFSE,ArtEnRAFSM,ArtEnRAFSP,ArtEnRAFSZ,OthnotPAE,OthnotPAM,OthnotPAP,OthnotPAZ,PubAdminE,PubAdminM,PubAdminP,PubAdminZ,CvEm16plE.3,CvEm16plM.3,CvEm16plP.3,CvEm16plZ.3,PrvWSWrkrE,PrvWSWrkrM,PrvWSWrkrP,PrvWSWrkrZ,GvtWrkrE,GvtWrkrM,GvtWrkrP,GvtWrkrZ,SlfEmNIncE,SlfEmNIncM,SlfEmNIncP,SlfEmNIncZ,UpdFmWrkrE,UpdFmWrkrM,UpdFmWrkrP,UpdFmWrkrZ,num_rides
0,5,2,3701,8,"Riverdale, Fieldston & Kingsbridge",87625,1880,87625,54886,1536,62.6,1.4,54870,1540,62.6,48373,1516,55.2,6497,572,7.4,0.6,16,27,0.0,0.1,32739,1490,37.4,1.4,54870,1540,54870,(X),11.8,1.0,47660,1128,47660,27672,1086,58.1,1.9,27672,1086,58.1,1.9,24360,1029,51.1,1.9,8767,628,8767,(X),6299,692,71.8,5.2,13497,864,13497,(X),9673,908,71.7,3.7,46920,1477,46920,(X),11536,738,24.6,1.5,2422,406,5.2,0.8,26234,1257,55.9,1.7,3701,526,7.9,1.1,891,244,1.9,0.5,2136,340,4.6,0.7,43.4,1.0,48373,1516,48373,(X),19017,1052,39.3,1.8,12215,848,25.3,1.5,11501,789,23.8,1.5,2084,460,4.3,0.9,3556,446,7.4,0.9,48373,1516,48373,(X),289,290,0.6,0.6,1399,308,2.9,0.6,1245,239,2.6,0.5,938,229,1.9,0.5,4543,561,9.4,1.1,2159,358,4.5,0.7,1591,303,3.3,0.6,4483,526,9.3,1.0,4766,467,9.9,1.0,16578,903,34.3,1.5,5674,641,11.7,1.2,2933,402,6.1,0.8,1775,285,3.7,0.6,48373,1516,48373,(X),37858,1455,78.3,1.8,7428,734,15.4,1.4,3037,445,6.3,0.9,50,42,0.1,0.1,105
1,5,2,3702,12,"Wakefield, Williamsbridge & Woodlawn",111053,1861,111053,71325,1704,64.2,1.0,71279,1713,64.2,60032,1653,54.1,11247,828,10.1,0.7,46,73,0.0,0.1,39728,1310,35.8,1.0,71279,1713,71279,(X),15.8,1.1,62235,1346,62235,38531,1004,61.9,1.2,38531,1004,61.9,1.2,33175,1100,53.3,1.5,10836,743,10836,(X),7887,617,72.8,4.2,22811,1014,22811,(X),17620,909,77.2,2.2,58079,1615,58079,(X),19604,1105,33.8,1.6,3056,435,5.3,0.7,30827,1184,53.1,1.5,2424,323,4.2,0.6,700,212,1.2,0.4,1468,344,2.5,0.6,45.1,0.9,60032,1653,60032,(X),16916,946,28.2,1.2,19161,826,31.9,1.4,13544,990,22.6,1.4,4806,506,8.0,0.8,5605,516,9.3,0.9,60032,1653,60032,(X),70,81,0.1,0.1,3123,440,5.2,0.7,1609,321,2.7,0.5,880,218,1.5,0.4,6551,558,10.9,0.8,4213,452,7.0,0.8,1170,252,1.9,0.4,3735,450,6.2,0.7,4635,466,7.7,0.7,23749,1019,39.6,1.5,4434,557,7.4,0.9,3717,505,6.2,0.8,2146,308,3.6,0.5,60032,1653,60032,(X),47643,1478,79.4,1.1,10372,711,17.3,1.1,1961,349,3.3,0.6,56,49,0.1,0.1,191036
2,5,2,3703,10,"Co-op City, Pelham Bay & Schuylerville",103004,2261,103004,61537,2144,59.7,1.4,61500,2142,59.7,54916,1978,53.3,6584,851,6.4,0.8,37,40,0.0,0.1,41467,1513,40.3,1.4,61500,2142,61500,(X),10.7,1.3,55925,1637,55925,32209,1352,57.6,1.5,32209,1352,57.6,1.5,28961,1291,51.8,1.7,7254,724,7254,(X),5666,733,78.1,5.3,15719,1218,15719,(X),11960,1127,76.1,4.0,53541,2051,53541,(X),23277,1406,43.5,2.3,3964,606,7.4,1.1,21941,1476,41.0,2.3,2687,538,5.0,1.0,497,200,0.9,0.4,1175,360,2.2,0.7,42.7,1.1,54916,1978,54916,(X),18665,1401,34.0,2.3,13302,1295,24.2,2.1,15180,1028,27.6,1.7,3486,566,6.3,1.0,4283,623,7.8,1.1,54916,1978,54916,(X),31,33,0.1,0.1,2687,519,4.9,0.9,1324,326,2.4,0.6,1020,224,1.9,0.4,5044,678,9.2,1.1,4184,695,7.6,1.3,1259,336,2.3,0.6,5588,720,10.2,1.3,5736,857,10.4,1.5,18528,1334,33.7,2.1,3999,714,7.3,1.2,2002,390,3.6,0.7,3514,572,6.4,1.0,54916,1978,54916,(X),40013,2242,72.9,2.4,13192,1204,24.0,2.3,1711,408,3.1,0.8,0,27,0.0,0.1,608353
3,5,2,3704,11,"Pelham Parkway, Morris Park & Laconia",102666,1866,102666,64077,1775,62.4,1.2,64062,1775,62.4,55416,1552,54.0,8646,684,8.4,0.6,15,20,0.0,0.1,38589,1301,37.6,1.2,64062,1775,64062,(X),13.5,0.9,54189,1303,54189,31029,992,57.3,1.4,31029,992,57.3,1.4,26882,869,49.6,1.3,9413,751,9413,(X),6402,619,68.0,4.0,20223,946,20223,(X),14239,929,70.4,3.1,53749,1501,53749,(X),15814,919,29.4,1.4,3411,438,6.3,0.8,27513,1239,51.2,1.9,4817,589,9.0,1.1,929,235,1.7,0.4,1265,334,2.4,0.6,40.5,0.9,55416,1552,55416,(X),16881,707,30.5,1.3,15604,1036,28.2,1.4,12740,663,23.0,1.2,4471,437,8.1,0.7,5720,550,10.3,0.9,55416,1552,55416,(X),38,42,0.1,0.1,3342,391,6.0,0.7,2397,475,4.3,0.9,813,185,1.5,0.3,6081,517,11.0,0.9,3737,434,6.7,0.8,1065,258,1.9,0.5,3961,403,7.1,0.7,4362,453,7.9,0.8,18667,923,33.7,1.5,6323,757,11.4,1.3,2571,377,4.6,0.7,2059,318,3.7,0.6,55416,1552,55416,(X),43792,1587,79.0,1.3,9184,673,16.6,1.2,2412,361,4.4,0.7,28,37,0.1,0.1,52692
4,5,2,3705,3 & 6,"Belmont, Crotona Park East & East Tremont",121772,2473,121772,67206,1938,55.2,1.2,67178,1947,55.2,54710,1871,44.9,12468,999,10.2,0.8,28,53,0.0,0.1,54566,1941,44.8,1.2,67178,1947,67178,(X),18.6,1.4,67835,1643,67835,35091,1245,51.7,1.5,35091,1245,51.7,1.5,28429,1119,41.9,1.4,16646,1103,16646,(X),10440,914,62.7,3.5,30777,1292,30777,(X),20760,1156,67.5,2.8,53208,1873,53208,(X),8597,745,16.2,1.3,1802,418,3.4,0.8,34324,1575,64.5,1.9,5040,536,9.5,0.9,1481,510,2.8,0.9,1964,387,3.7,0.7,42.3,1.0,54710,1871,54710,(X),9628,685,17.6,1.2,21238,1135,38.8,1.6,12882,928,23.5,1.4,3757,454,6.9,0.8,7205,827,13.2,1.4,54710,1871,54710,(X),191,145,0.3,0.3,2135,373,3.9,0.7,1895,345,3.5,0.6,865,190,1.6,0.4,7101,792,13.0,1.3,4231,641,7.7,1.1,939,268,1.7,0.5,3245,448,5.9,0.8,4497,587,8.2,1.0,17595,866,32.2,1.3,6146,625,11.2,1.1,3973,474,7.3,0.8,1897,316,3.5,0.6,54710,1871,54710,(X),44018,1676,80.5,1.4,7445,617,13.6,1.1,3164,690,5.8,1.2,83,75,0.2,0.1,18421
5,5,2,3706,7,"Bedford Park, Fordham North & Norwood",95683,2232,95683,60047,1843,62.8,1.4,60020,1845,62.7,50673,1699,53.0,9347,873,9.8,0.9,27,29,0.0,0.1,35636,1658,37.2,1.4,60020,1845,60020,(X),15.6,1.3,51127,1294,51127,28868,1158,56.5,1.8,28857,1162,56.4,1.8,24395,1050,47.7,1.9,11746,846,11746,(X),7583,672,64.6,4.1,19176,982,19176,(X),13298,1048,69.3,3.9,49494,1713,49494,(X),7029,684,14.2,1.4,2063,373,4.2,0.7,33243,1551,67.2,1.8,4728,494,9.6,1.0,770,209,1.6,0.4,1661,334,3.4,0.7,42.7,1.0,50673,1699,50673,(X),9894,692,19.5,1.4,18237,1193,36.0,1.9,13250,1029,26.1,2.0,3805,537,7.5,1.0,5487,557,10.8,1.0,50673,1699,50673,(X),17,31,0.0,0.1,3099,469,6.1,0.9,1772,359,3.5,0.7,829,236,1.6,0.5,7656,745,15.1,1.5,3018,411,6.0,0.8,1071,309,2.1,0.6,3259,572,6.4,1.1,3913,534,7.7,1.0,14762,1035,29.1,1.8,6588,795,13.0,1.5,3318,523,6.5,1.0,1371,288,2.7,0.6,50673,1699,50673,(X),41254,1561,81.4,1.4,6012,602,11.9,1.2,3371,606,6.7,1.2,36,29,0.1,0.1,22549
6,5,2,3707,5,"Morris Heights, Fordham South & Mount Hope",99680,1765,99680,61297,1626,61.5,1.2,61250,1638,61.4,49890,1599,50.1,11360,922,11.4,0.9,47,56,0.0,0.1,38383,1400,38.5,1.2,61250,1638,61250,(X),18.5,1.4,54957,1303,54957,31578,1019,57.5,1.4,31578,1019,57.5,1.4,25617,1063,46.6,1.6,12164,907,12164,(X),8263,769,67.9,4.6,22444,1079,22444,(X),15889,902,70.8,2.8,47448,1512,47448,(X),5923,670,12.5,1.4,2219,299,4.7,0.6,31808,1462,67.0,1.9,4570,513,9.6,1.1,1039,267,2.2,0.6,1889,311,4.0,0.7,42.1,0.9,49890,1599,49890,(X),7059,520,14.1,1.0,20327,1005,40.7,1.5,11728,775,23.5,1.4,3648,488,7.3,1.0,7128,707,14.3,1.3,49890,1599,49890,(X),111,85,0.2,0.2,2348,405,4.7,0.8,2250,355,4.5,0.7,1144,263,2.3,0.5,6954,617,13.9,1.1,3283,431,6.6,0.9,642,169,1.3,0.3,3123,425,6.3,0.8,3689,417,7.4,0.8,14543,955,29.2,1.7,6599,751,13.2,1.4,4083,513,8.2,1.0,1121,248,2.2,0.5,49890,1599,49890,(X),41015,1483,82.2,1.5,5031,554,10.1,1.0,3800,385,7.6,0.8,44,47,0.1,0.1,47124
7,5,2,3708,4,"Concourse, Highbridge & Mount Eden",105468,2158,105468,60390,1658,57.3,1.0,60378,1660,57.2,50670,1501,48.0,9708,825,9.2,0.7,12,28,0.0,0.1,45078,1374,42.7,1.0,60378,1660,60378,(X),16.1,1.2,57702,1392,57702,30369,1196,52.6,1.5,30369,1196,52.6,1.5,25398,1068,44.0,1.5,12561,867,12561,(X),7748,716,61.7,3.9,25118,1105,25118,(X),16737,1095,66.6,3.2,49143,1428,49143,(X),6643,667,13.5,1.4,2036,379,4.1,0.8,32557,1329,66.2,2.0,4509,597,9.2,1.1,1333,287,2.7,0.6,2065,396,4.2,0.8,40.0,0.9,50670,1501,50670,(X),8528,739,16.8,1.4,19565,1094,38.6,2.0,12273,877,24.2,1.6,3240,525,6.4,1.0,7064,632,13.9,1.1,50670,1501,50670,(X),43,42,0.1,0.1,2182,423,4.3,0.8,2369,359,4.7,0.7,1161,272,2.3,0.5,7070,723,14.0,1.4,3738,521,7.4,1.0,748,264,1.5,0.5,2798,458,5.5,0.9,3716,515,7.3,1.0,15098,867,29.8,1.6,6367,710,12.6,1.3,3604,564,7.1,1.1,1776,336,3.5,0.6,50670,1501,50670,(X),40714,1367,80.4,1.3,6485,647,12.8,1.2,3417,477,6.7,0.9,54,57,0.1,0.1,31713
8,5,2,3709,9,"Castle Hill, Clason Point & Parkchester",145342,2611,145342,86937,2374,59.8,1.0,86863,2371,59.8,75033,2159,51.6,11830,993,8.1,0.7,74,112,0.1,0.1,58405,1681,40.2,1.0,86863,2371,86863,(X),13.6,1.0,78467,1458,78467,42686,1343,54.4,1.3,42618,1334,54.3,1.3,36636,1138,46.7,1.2,15509,927,15509,(X),9724,747,62.7,3.1,28980,1217,28980,(X),19675,1249,67.9,3.2,73057,2117,73057,(X),16788,966,23.0,1.3,3871,544,5.3,0.7,45083,1783,61.7,1.6,4167,572,5.7,0.8,1310,337,1.8,0.4,1838,401,2.5,0.6,44.8,0.7,75033,2159,75033,(X),17343,1047,23.1,1.2,22585,1110,30.1,1.3,19829,1130,26.4,1.3,6708,936,8.9,1.2,8568,674,11.4,0.9,75033,2159,75033,(X),22,26,0.0,0.1,5000,824,6.7,1.1,2652,509,3.5,0.7,1374,273,1.8,0.4,8743,843,11.7,1.0,5631,644,7.5,0.9,1759,381,2.3,0.5,5177,418,6.9,0.5,6513,705,8.7,0.9,22558,1210,30.1,1.4,8400,805,11.2,1.0,4104,538,5.5,0.7,3100,414,4.1,0.5,75033,2159,75033,(X),57925,1935,77.2,1.3,13453,927,17.9,1.1,3577,484,4.8,0.6,78,57,0.1,0.1,53740
9,5,2,3710,1 & 2,"Hunts Point, Longwood & Melrose",116399,2315,116399,57674,1957,49.5,1.2,57638,1956,49.5,48764,1910,41.9,8874,692,7.6,0.6,36,36,0.0,0.1,58725,1616,50.5,1.2,57638,1956,57638,(X),15.4,1.2,59854,1526,59854,28989,1194,48.4,1.6,28971,1193,48.4,1.6,24405,1150,40.8,1.6,14590,806,14590,(X),8252,679,56.6,3.7,27997,1228,27997,(X),17400,1170,62.1,3.2,47494,1892,47494,(X),5730,545,12.1,1.1,1289,265,2.7,0.6,32266,1554,67.9,1.6,5569,671,11.7,1.3,704,173,1.5,0.4,1936,411,4.1,0.8,41.1,0.9,48764,1910,48764,(X),7591,501,15.6,1.0,19548,1156,40.1,1.8,11413,756,23.4,1.3,3197,426,6.6,0.8,7015,784,14.4,1.3,48764,1910,48764,(X),32,38,0.1,0.1,2450,358,5.0,0.7,2039,361,4.2,0.7,1017,265,2.1,0.5,6490,678,13.3,1.3,3022,409,6.2,0.8,558,158,1.1,0.3,2784,346,5.7,0.7,4073,449,8.4,0.9,13579,766,27.8,1.5,8023,966,16.5,1.7,3390,510,7.0,1.0,1307,265,2.7,0.5,48764,1910,48764,(X),39762,1649,81.5,1.5,5916,613,12.1,1.2,3010,388,6.2,0.7,76,80,0.2,0.2,164947
10,61,1,3801,12,"Washington Heights, Inwood & Marble Hill",180291,2890,180291,118753,2563,65.9,1.0,118592,2530,65.8,101521,2538,56.3,17071,1294,9.5,0.7,161,155,0.1,0.1,61538,2127,34.1,1.0,118592,2530,118592,(X),14.4,1.1,91738,1888,91738,55002,1674,60.0,1.4,55002,1674,60.0,1.4,47455,1677,51.7,1.5,13856,936,13856,(X),9303,823,67.1,4.4,22120,1266,22120,(X),16810,1245,76.0,3.2,97766,2456,97766,(X),8925,869,9.1,0.9,4440,556,4.5,0.6,64371,2034,65.8,1.4,12178,1280,12.5,1.2,2391,531,2.4,0.5,5461,578,5.6,0.6,39.7,1.0,101521,2538,101521,(X),32647,1397,32.2,1.2,31311,1792,30.8,1.5,21624,1376,21.3,1.3,4940,703,4.9,0.7,10999,1002,10.8,0.9,101521,2538,101521,(X),92,75,0.1,0.1,3210,736,3.2,0.7,4666,634,4.6,0.6,1714,427,1.7,0.4,12140,1203,12.0,1.1,4737,642,4.7,0.6,3626,535,3.6,0.5,7578,841,7.5,0.8,11001,1038,10.8,1.0,27179,1334,26.8,1.2,16542,1467,16.3,1.4,6770,877,6.7,0.8,2266,339,2.2,0.3,101521,2538,101521,(X),84234,2682,83.0,1.0,10493,812,10.3,0.8,6691,704,6.6,0.7,103,84,0.1,0.1,59709
11,61,1,3802,9,"Hamilton Heights, Manhattanville & West Harlem",111734,2751,111734,64963,2035,58.1,1.5,64927,2032,58.1,58662,1868,52.5,6265,742,5.6,0.6,36,42,0.0,0.1,46771,2176,41.9,1.5,64927,2032,64927,(X),9.6,1.1,60313,1910,60313,32770,1434,54.3,1.9,32770,1434,54.3,1.9,29654,1353,49.2,1.8,6752,862,6752,(X),4212,647,62.4,6.3,12788,1025,12788,(X),8383,912,65.6,4.3,57422,1902,57422,(X),3659,544,6.4,1.0,1060,293,1.8,0.5,40265,1836,70.1,1.8,7594,743,13.2,1.2,1267,309,2.2,0.5,3577,412,6.2,0.7,34.9,0.8,58662,1868,58662,(X),27714,1316,47.2,1.8,13194,1076,22.5,1.7,11849,1060,20.2,1.6,1948,430,3.3,0.7,3957,574,6.7,1.0,58662,1868,58662,(X),71,67,0.1,0.1,1468,323,2.5,0.6,1780,373,3.0,0.6,759,250,1.3,0.4,5193,660,8.9,1.1,1812,447,3.1,0.7,3058,476,5.2,0.8,4438,594,7.6,1.0,7374,899,12.6,1.4,19783,1164,33.7,1.9,7949,885,13.6,1.4,3399,533,5.8,0.9,1578,377,2.7,0.6,58662,1868,58662,(X),47960,1814,81.8,1.3,6395,657,10.9,1.1,4296,599,7.3,1.0,11,18,0.0,0.1,33089
12,61,1,3803,10,Central Harlem,105201,1865,105201,64709,1578,61.5,1.3,64658,1567,61.5,55748,1379,53.0,8910,815,8.5,0.7,51,49,0.0,0.1,40492,1666,38.5,1.3,64658,1567,64658,(X),13.8,1.1,57563,1549,57563,33753,1286,58.6,1.7,33753,1286,58.6,1.7,29128,1162,50.6,1.7,9974,942,9974,(X),6018,816,60.3,5.4,16091,1033,16091,(X),11322,839,70.4,3.9,54429,1358,54429,(X),4475,620,8.2,1.1,1145,261,2.1,0.5,39709,1232,73.0,1.6,4239,512,7.8,0.9,1538,365,2.8,0.7,3323,598,6.1,1.1,35.3,0.8,55748,1379,55748,(X),23409,1260,42.0,2.0,13293,863,23.8,1.5,13373,953,24.0,1.6,1482,325,2.7,0.6,4191,565,7.5,1.0,55748,1379,55748,(X),24,21,0.0,0.1,1141,255,2.0,0.4,1280,297,2.3,0.5,780,241,1.4,0.4,5689,715,10.2,1.2,3247,534,5.8,1.0,2402,323,4.3,0.6,4774,603,8.6,1.0,7363,637,13.2,1.1,15936,1001,28.6,1.7,6825,662,12.2,1.1,3182,459,5.7,0.8,3105,406,5.6,0.7,55748,1379,55748,(X),42123,1378,75.6,1.2,10072,703,18.1,1.3,3553,397,6.4,0.7,0,27,0.0,0.1,36642
13,61,1,3804,11,East Harlem,98151,2515,98151,54036,1884,55.1,1.4,54036,1884,55.1,47509,1898,48.4,6527,621,6.6,0.6,0,27,0.0,0.1,44115,1831,44.9,1.4,54036,1884,54036,(X),12.1,1.2,53939,1513,53939,27418,1166,50.8,1.8,27418,1166,50.8,1.8,24156,1207,44.8,1.9,8006,947,8006,(X),4731,683,59.1,6.5,16455,1127,16455,(X),10022,995,60.9,4.7,46578,1845,46578,(X),3037,376,6.5,0.8,633,180,1.4,0.4,33543,1610,72.0,1.6,6457,686,13.9,1.4,1385,330,3.0,0.7,1523,381,3.3,0.8,34.1,0.8,47509,1898,47509,(X),17914,998,37.7,1.8,12814,1216,27.0,2.1,11481,884,24.2,1.6,1846,393,3.9,0.8,3454,518,7.3,1.1,47509,1898,47509,(X),61,46,0.1,0.1,1358,299,2.9,0.6,1426,372,3.0,0.8,722,245,1.5,0.5,5649,731,11.9,1.4,1958,377,4.1,0.8,1316,270,2.8,0.6,4406,501,9.3,1.1,5829,700,12.3,1.4,14267,890,30.0,1.8,6320,1131,13.3,2.1,2562,384,5.4,0.8,1635,319,3.4,0.6,47509,1898,47509,(X),39847,1704,83.9,1.4,5745,612,12.1,1.2,1779,326,3.7,0.7,138,139,0.3,0.3,21398
14,61,1,3805,8,Upper East Side,190644,3394,190644,136684,3017,71.7,0.9,136641,3010,71.7,130118,2883,68.3,6523,899,3.4,0.5,43,56,0.0,0.1,53960,1940,28.3,0.9,136641,3010,136641,(X),4.8,0.6,109976,2522,109976,73378,2370,66.7,1.4,73378,2370,66.7,1.4,69912,2261,63.6,1.3,13797,1254,13797,(X),8034,945,58.2,5.3,17105,1234,17105,(X),10044,949,58.7,3.8,128398,2791,128398,(X),9313,821,7.3,0.6,2428,463,1.9,0.4,72279,2604,56.3,1.3,24808,1507,19.3,1.1,9571,861,7.5,0.7,9999,1016,7.8,0.8,30.4,0.6,130118,2883,130118,(X),91269,2651,70.1,1.3,6851,709,5.3,0.5,28826,1720,22.2,1.2,1357,383,1.0,0.3,1815,509,1.4,0.4,130118,2883,130118,(X),25,29,0.0,0.1,1613,363,1.2,0.3,3650,621,2.8,0.5,3700,530,2.8,0.4,7703,852,5.9,0.6,1492,388,1.1,0.3,8445,1141,6.5,0.9,29442,1654,22.6,1.2,29089,1847,22.4,1.3,29142,1606,22.4,1.0,8541,947,6.6,0.7,3638,579,2.8,0.4,3638,582,2.8,0.5,130118,2883,130118,(X),111957,2741,86.0,1.0,8099,788,6.2,0.6,9796,1072,7.5,0.8,266,138,0.2,0.1,1982
15,61,1,3806,7,Upper West Side & West Side,168498,3292,168498,118184,2665,70.1,1.1,118184,2665,70.1,110780,2583,65.7,7404,736,4.4,0.4,0,27,0.0,0.1,50314,2164,29.9,1.1,118184,2665,118184,(X),6.3,0.6,91988,2363,91988,59870,1968,65.1,1.4,59870,1968,65.1,1.4,56495,1917,61.4,1.4,13454,1135,13454,(X),8147,936,60.6,4.9,16147,1293,16147,(X),10555,1133,65.4,4.3,108018,2643,108018,(X),6338,915,5.9,0.8,1681,390,1.6,0.4,72559,2272,67.2,1.6,13000,1180,12.0,1.0,5406,571,5.0,0.5,9034,963,8.4,0.9,29.9,0.5,110780,2583,110780,(X),81352,2079,73.4,1.2,8102,957,7.3,0.8,18062,1164,16.3,1.0,1547,422,1.4,0.4,1717,468,1.5,0.4,110780,2583,110780,(X),158,126,0.1,0.1,1115,337,1.0,0.3,2885,425,2.6,0.4,1933,464,1.7,0.4,4963,556,4.5,0.5,1117,308,1.0,0.3,8908,1087,8.0,0.9,20492,1337,18.5,1.2,24316,1531,21.9,1.3,27352,1763,24.7,1.4,10435,1018,9.4,0.9,4323,669,3.9,0.6,2783,483,2.5,0.4,110780,2583,110780,(X),89493,2333,80.8,1.1,8874,994,8.0,0.9,12232,987,11.0,0.9,181,156,0.2,0.1,623534
16,61,1,3807,4 & 5,"Chelsea, Clinton & Midtown Business Distric",134866,2394,134866,102100,2353,75.7,1.0,102100,2353,75.7,95174,2376,70.6,6926,747,5.1,0.6,0,27,0.0,0.1,32766,1423,24.3,1.0,102100,2353,102100,(X),6.8,0.7,65357,1693,65357,45550,1664,69.7,1.6,45550,1664,69.7,1.6,41998,1585,64.3,1.7,6025,825,6025,(X),3810,593,63.2,7.9,6064,931,6064,(X),3983,596,65.7,11.2,94146,2404,94146,(X),4334,518,4.6,0.6,959,268,1.0,0.3,43842,1971,46.6,1.5,31335,1647,33.3,1.5,6697,818,7.1,0.9,6979,720,7.4,0.8,25.5,0.6,95174,2376,95174,(X),64286,2274,67.5,1.5,8445,877,8.9,0.9,19238,1054,20.2,1.1,937,253,1.0,0.3,2268,373,2.4,0.4,95174,2376,95174,(X),65,65,0.1,0.1,1493,372,1.6,0.4,3587,561,3.8,0.6,1990,373,2.1,0.4,7857,906,8.3,0.9,1463,323,1.5,0.3,7791,724,8.2,0.8,19553,1286,20.5,1.2,22621,1365,23.8,1.3,13766,1078,14.5,1.1,10200,1116,10.7,1.1,3037,490,3.2,0.5,1751,345,1.8,0.4,95174,2376,95174,(X),82255,2380,86.4,0.9,4921,535,5.2,0.6,7954,733,8.4,0.7,44,38,0.0,0.1,184006
17,61,1,3808,6,"Murray Hill, Gramercy & Stuyvesant Town",134292,2327,134292,98319,2425,73.2,1.2,98203,2431,73.1,92898,2383,69.2,5305,584,4.0,0.4,116,86,0.1,0.1,35973,1622,26.8,1.2,98203,2431,98203,(X),5.4,0.6,75075,1964,75075,51557,1799,68.7,1.6,51557,1799,68.7,1.6,48678,1748,64.8,1.7,5881,747,5881,(X),3935,657,66.9,7.3,5705,694,5705,(X),4024,627,70.5,7.0,91664,2420,91664,(X),4857,728,5.3,0.8,1505,440,1.6,0.5,41670,1932,45.5,1.6,31817,1767,34.7,1.7,5241,693,5.7,0.8,6574,819,7.2,0.9,26.2,0.6,92898,2383,92898,(X),64633,1965,69.6,1.6,6089,1066,6.6,1.1,20081,1348,21.6,1.3,645,308,0.7,0.3,1450,383,1.6,0.4,92898,2383,92898,(X),0,27,0.0,0.1,815,293,0.9,0.3,2737,545,2.9,0.6,2280,466,2.5,0.5,6168,808,6.6,0.8,1303,328,1.4,0.4,7319,732,7.9,0.8,20540,1436,22.1,1.3,22520,1328,24.2,1.5,15923,1118,17.1,1.2,6766,892,7.3,0.9,3485,661,3.8,0.7,3042,518,3.3,0.5,92898,2383,92898,(X),79675,2109,85.8,1.0,7034,719,7.6,0.7,5944,701,6.4,0.7,245,180,0.3,0.2,59136
18,61,1,3809,3,Chinatown & Lower East Side,145607,2603,145607,86993,2331,59.7,1.1,86915,2341,59.7,79389,2275,54.5,7526,730,5.2,0.5,78,91,0.1,0.1,58614,1886,40.3,1.1,86915,2341,86915,(X),8.7,0.8,75555,1794,75555,42280,1601,56.0,1.6,42235,1611,55.9,1.6,38961,1580,51.6,1.6,6368,711,6368,(X),4395,599,69.0,5.7,13277,1013,13277,(X),8852,820,66.7,4.8,78197,2250,78197,(X),4032,576,5.2,0.7,1397,325,1.8,0.4,43139,1877,55.2,1.9,20696,1318,26.5,1.6,4900,653,6.3,0.8,4033,639,5.2,0.8,30.4,0.7,79389,2275,79389,(X),39035,1864,49.2,1.8,15724,939,19.8,1.1,17763,1263,22.4,1.4,2132,392,2.7,0.5,4735,639,6.0,0.8,79389,2275,79389,(X),46,62,0.1,0.1,1874,427,2.4,0.5,3039,524,3.8,0.7,2210,425,2.8,0.5,7164,825,9.0,1.0,2371,446,3.0,0.6,5742,665,7.2,0.8,9702,957,12.2,1.1,14738,1100,18.6,1.2,15153,1181,19.1,1.4,11805,922,14.9,1.1,3643,569,4.6,0.7,1902,381,2.4,0.5,79389,2275,79389,(X),65147,2054,82.1,1.3,7083,665,8.9,0.8,7051,797,8.9,1.0,108,64,0.1,0.1,359755
19,61,1,3810,1 & 2,"Battery Park City, Greenwich Village & Soho",135804,2420,135804,102240,2146,75.3,0.8,102224,2146,75.3,97162,1990,71.5,5062,527,3.7,0.4,16,18,0.0,0.1,33564,1246,24.7,0.8,102224,2146,102224,(X),5.0,0.5,69451,1715,69451,48639,1600,70.0,1.4,48639,1600,70.0,1.4,46086,1487,66.4,1.4,8261,917,8261,(X),4869,667,58.9,6.3,8826,906,8826,(X),5603,713,63.5,5.3,95788,2042,95788,(X),4620,520,4.8,0.6,1140,265,1.2,0.3,52561,1642,54.9,1.3,24283,1403,25.4,1.3,6334,663,6.6,0.7,6850,740,7.2,0.7,24.8,0.5,97162,1990,97162,(X),69824,2005,71.9,1.2,4725,566,4.9,0.6,20456,1117,21.1,1.1,797,252,0.8,0.3,1360,290,1.4,0.3,97162,1990,97162,(X),100,73,0.1,0.1,1029,330,1.1,0.3,2625,396,2.7,0.4,2187,385,2.3,0.4,6495,625,6.7,0.6,944,259,1.0,0.3,7562,749,7.8,0.7,23548,1244,24.2,1.2,25214,1349,26.0,1.3,15808,1157,16.3,1.1,7446,797,7.7,0.8,2490,393,2.6,0.4,1714,323,1.8,0.3,97162,1990,97162,(X),83292,1783,85.7,0.9,5801,551,6.0,0.6,8037,772,8.3,0.7,32,33,0.0,0.1,301516
20,85,5,3901,3,"Tottenville, Great Kills & Annadale",134358,1771,134358,80907,1324,60.2,0.8,80894,1323,60.2,75101,1207,55.9,5793,514,4.3,0.4,13,23,0.0,0.1,53451,1491,39.8,0.8,80894,1323,80894,(X),7.2,0.6,69378,1055,69378,37733,884,54.4,1.2,37733,884,54.4,1.2,35138,848,50.6,1.2,10681,723,10681,(X),6367,636,59.6,4.2,24926,1056,24926,(X),14777,895,59.3,3.2,74072,1176,74072,(X),46865,1244,63.3,1.4,6560,743,8.9,1.0,17323,1069,23.4,1.4,1057,258,1.4,0.3,598,203,0.8,0.3,1669,338,2.3,0.5,43.8,0.9,75101,1207,75101,(X),31327,1226,41.7,1.5,11812,792,15.7,1.0,19513,887,26.0,1.0,6567,595,8.7,0.8,5882,551,7.8,0.7,75101,1207,75101,(X),26,30,0.0,0.1,5536,567,7.4,0.8,2100,339,2.8,0.5,1409,225,1.9,0.3,7447,629,9.9,0.8,4994,557,6.6,0.8,2346,379,3.1,0.5,8320,647,11.1,0.8,8356,749,11.1,1.0,21405,1087,28.5,1.3,4259,427,5.7,0.6,3256,524,4.3,0.7,5647,570,7.5,0.7,75101,1207,75101,(X),54731,1367,72.9,1.4,17620,1019,23.5,1.3,2659,394,3.5,0.5,91,67,0.1,0.1,168384
21,85,5,3902,2,New Springville & South Beach,107859,1763,107859,63674,1471,59.0,1.0,63405,1451,58.8,58926,1363,54.6,4479,440,4.2,0.4,269,108,0.2,0.1,44185,1332,41.0,1.0,63405,1451,63405,(X),7.1,0.7,57778,1082,57778,30180,914,52.2,1.4,30176,913,52.2,1.4,28166,898,48.7,1.4,8127,604,8127,(X),4923,544,60.6,5.2,18423,781,18423,(X),12458,813,67.6,3.2,58103,1339,58103,(X),32666,1190,56.2,1.6,5121,515,8.8,0.9,16545,911,28.5,1.5,1742,335,3.0,0.6,477,131,0.8,0.2,1552,309,2.7,0.5,40.3,0.9,58926,1363,58926,(X),23376,1121,39.7,1.6,10750,746,18.2,1.2,14909,781,25.3,1.2,5467,502,9.3,0.8,4424,474,7.5,0.8,58926,1363,58926,(X),19,30,0.0,0.1,4839,501,8.2,0.8,2134,345,3.6,0.6,1069,262,1.8,0.4,6061,577,10.3,1.0,3619,443,6.1,0.7,1362,280,2.3,0.5,6369,575,10.8,1.0,6219,534,10.6,0.9,17163,892,29.1,1.3,3517,423,6.0,0.7,2755,344,4.7,0.6,3800,397,6.4,0.7,58926,1363,58926,(X),43673,1290,74.1,1.2,12169,703,20.7,1.1,2993,428,5.1,0.7,91,69,0.2,0.1,27741
22,85,5,3903,1,"Port Richmond, Stapleton & Mariner's Harbor",135254,1807,135254,80125,1551,59.2,0.9,80063,1542,59.2,73172,1483,54.1,6891,614,5.1,0.5,62,45,0.0,0.1,55129,1492,40.8,0.9,80063,1542,80063,(X),8.6,0.7,70337,1134,70337,37461,967,53.3,1.2,37437,962,53.2,1.2,34373,896,48.9,1.2,14658,792,14658,(X),7819,805,53.3,4.8,27852,970,27852,(X),16788,855,60.3,2.7,72050,1464,72050,(X),35948,1291,49.9,1.5,5183,594,7.2,0.8,25860,1141,35.9,1.4,2786,378,3.9,0.5,704,181,1.0,0.3,1569,262,2.2,0.4,40.8,0.8,73172,1483,73172,(X),25754,1164,35.2,1.3,18413,795,25.2,1.0,15461,897,21.1,1.3,6572,677,9.0,0.9,6972,682,9.5,0.9,73172,1483,73172,(X),34,28,0.0,0.1,4924,546,6.7,0.7,2228,341,3.0,0.5,1132,244,1.5,0.3,6898,624,9.4,0.9,5177,551,7.1,0.7,1797,322,2.5,0.4,5766,548,7.9,0.7,7728,662,10.6,0.9,22265,957,30.4,1.2,5869,736,8.0,1.0,3583,395,4.9,0.5,5771,543,7.9,0.8,73172,1483,73172,(X),53728,1394,73.4,1.1,16041,843,21.9,1.1,3379,449,4.6,0.6,24,23,0.0,0.1,24426
23,47,3,4001,1,Greenpoint & Williamsburg,120446,2097,120446,83408,1748,69.2,0.9,83391,1740,69.2,77368,1648,64.2,6023,644,5.0,0.5,17,26,0.0,0.1,37038,1229,30.8,0.9,83391,1740,83391,(X),7.2,0.7,62069,1106,62069,39564,1117,63.7,1.4,39564,1117,63.7,1.4,36701,1083,59.1,1.3,13671,841,13671,(X),6568,709,48.0,4.2,17221,1116,17221,(X),8541,921,49.6,4.2,76317,1631,76317,(X),8002,642,10.5,0.8,1919,306,2.5,0.4,47940,1307,62.8,1.2,9984,628,13.1,0.8,3043,492,4.0,0.6,5429,596,7.1,0.8,32.9,0.5,77368,1648,77368,(X),39615,1149,51.2,1.4,11714,768,15.1,0.9,17771,967,23.0,1.1,3491,513,4.5,0.6,4777,523,6.2,0.6,77368,1648,77368,(X),131,92,0.2,0.1,3359,522,4.3,0.7,4010,455,5.2,0.6,2455,340,3.2,0.4,7481,728,9.7,0.9,1910,310,2.5,0.4,6863,579,8.9,0.7,5890,479,7.6,0.6,15013,1026,19.4,1.2,15139,706,19.6,0.9,9974,682,12.9,0.9,3569,386,4.6,0.5,1574,297,2.0,0.4,77368,1648,77368,(X),65134,1591,84.2,0.9,5628,546,7.3,0.7,6435,569,8.3,0.7,171,120,0.2,0.2,40393
24,47,3,4002,4,Bushwick,110156,2088,110156,73617,2019,66.8,1.2,73603,2018,66.8,63170,1838,57.3,10433,805,9.5,0.7,14,22,0.0,0.1,36539,1429,33.2,1.2,73603,2018,73603,(X),14.2,1.0,56770,1318,56770,34649,1334,61.0,1.7,34649,1334,61.0,1.7,29272,1136,51.6,1.5,10815,747,10815,(X),6709,596,62.0,3.7,18858,904,18858,(X),13471,953,71.4,3.3,62263,1818,62263,(X),6683,673,10.7,1.0,1432,337,2.3,0.5,43909,1510,70.5,1.4,5801,541,9.3,0.9,2445,365,3.9,0.6,1993,302,3.2,0.5,39.5,0.7,63170,1838,63170,(X),16510,733,26.1,1.1,18832,1138,29.8,1.4,13755,822,21.8,1.2,6006,704,9.5,1.1,8067,704,12.8,1.0,63170,1838,63170,(X),129,158,0.2,0.3,5254,545,8.3,0.8,3629,470,5.7,0.7,1563,277,2.5,0.4,8012,614,12.7,0.9,3710,407,5.9,0.6,2444,341,3.9,0.5,2946,275,4.7,0.4,7095,543,11.2,0.8,13394,807,21.2,1.2,9029,777,14.3,1.1,4159,503,6.6,0.8,1806,342,2.9,0.5,63170,1838,63170,(X),52178,1739,82.6,1.1,6867,577,10.9,0.9,4094,455,6.5,0.7,31,24,0.0,0.1,36616
25,47,3,4003,3,Bedford-Stuyvesant,104595,2281,104595,65544,1742,62.7,1.1,65461,1738,62.6,55629,1581,53.2,9832,782,9.4,0.7,83,75,0.1,0.1,39051,1487,37.3,1.1,65461,1738,65461,(X),15.0,1.1,57316,1455,57316,34055,1117,59.4,1.3,34055,1117,59.4,1.3,29333,1005,51.2,1.3,13250,987,13250,(X),7826,783,59.1,3.4,21264,1117,21264,(X),13782,1019,64.8,3.3,54379,1580,54379,(X),7921,727,14.6,1.3,1312,224,2.4,0.4,36293,1255,66.7,1.4,4638,534,8.5,0.9,2049,358,3.8,0.6,2166,333,4.0,0.6,40.7,0.7,55629,1581,55629,(X),19533,990,35.1,1.6,14440,902,26.0,1.3,14170,807,25.5,1.2,2862,390,5.1,0.7,4624,526,8.3,1.0,55629,1581,55629,(X),77,61,0.1,0.1,2072,318,3.7,0.6,1803,274,3.2,0.5,1254,262,2.3,0.5,6002,568,10.8,0.9,3828,457,6.9,0.8,2169,312,3.9,0.5,3887,416,7.0,0.8,6537,499,11.8,0.9,16605,965,29.8,1.5,5967,609,10.7,1.0,2687,357,4.8,0.6,2741,359,4.9,0.6,55629,1581,55629,(X),42538,1298,76.5,1.1,9950,691,17.9,1.1,3113,423,5.6,0.7,28,31,0.1,0.1,64180
26,47,3,4004,2,Brooklyn Heights & Fort Greene,109133,1834,109133,75585,1574,69.3,0.9,75574,1572,69.2,68480,1473,62.7,7094,537,6.5,0.5,11,18,0.0,0.1,33548,1215,30.7,0.9,75574,1572,75574,(X),9.4,0.7,57977,1275,57977,38334,1110,66.1,1.2,38334,1110,66.1,1.2,34691,1071,59.8,1.3,10041,663,10041,(X),6471,573,64.4,4.0,11039,711,11039,(X),7658,700,69.4,4.1,67109,1470,67109,(X),5456,550,8.1,0.8,1163,273,1.7,0.4,46235,1483,68.9,1.4,5817,630,8.7,0.9,2703,304,4.0,0.5,5735,561,8.5,0.8,35.2,0.6,68480,1473,68480,(X),42663,1139,62.3,1.5,8855,726,12.9,1.0,12899,902,18.8,1.2,1589,316,2.3,0.5,2474,378,3.6,0.5,68480,1473,68480,(X),108,63,0.2,0.1,1400,245,2.0,0.3,2159,296,3.2,0.4,868,209,1.3,0.3,5318,483,7.8,0.6,2011,317,2.9,0.5,5709,466,8.3,0.7,7567,571,11.0,0.8,15155,802,22.1,1.2,15682,822,22.9,1.1,6830,633,10.0,0.9,2934,375,4.3,0.5,2739,323,4.0,0.5,68480,1473,68480,(X),53597,1365,78.3,1.0,8793,590,12.8,0.8,6076,511,8.9,0.7,14,15,0.0,0.1,64478
27,47,3,4005,6,"Park Slope, Carroll Gardens & Red Hook",95267,1677,95267,73174,1475,76.8,1.1,73119,1475,76.8,68119,1408,71.5,5000,467,5.2,0.5,55,70,0.1,0.1,22093,1184,23.2,1.1,73119,1475,73119,(X),6.8,0.6,49989,1113,49989,36094,909,72.2,1.5,36094,909,72.2,1.5,33984,888,68.0,1.4,9465,668,9465,(X),6967,613,73.6,3.6,11327,753,11327,(X),8368,669,73.9,3.8,66955,1414,66955,(X),5573,438,8.3,0.7,1514,321,2.3,0.5,44832,1328,67.0,1.5,6265,596,9.4,0.9,2539,424,3.8,0.6,6232,632,9.3,0.9,37.5,0.5,68119,1408,68119,(X),46607,1105,68.4,1.4,6354,654,9.3,0.9,11681,780,17.1,1.0,1460,277,2.1,0.4,2017,320,3.0,0.5,68119,1408,68119,(X),38,33,0.1,0.1,1204,233,1.8,0.3,1904,288,2.8,0.4,1324,289,1.9,0.4,4798,458,7.0,0.7,1167,326,1.7,0.5,6801,562,10.0,0.8,7247,613,10.6,0.9,14846,775,21.8,1.1,16252,926,23.9,1.3,6917,659,10.2,0.9,3122,420,4.6,0.6,2499,346,3.7,0.5,68119,1408,68119,(X),51887,1295,76.2,1.1,8807,639,12.9,0.9,7393,576,10.9,0.8,32,23,0.0,0.1,125564
28,47,3,4006,8,Crown Heights North & Prospect Heights,100575,1872,100575,66096,1542,65.7,1.0,65983,1541,65.6,58484,1591,58.1,7499,647,7.5,0.7,113,66,0.1,0.1,34479,1193,34.3,1.0,65983,1541,65983,(X),11.4,1.0,55954,1187,55954,35187,1029,62.9,1.4,35159,1031,62.8,1.4,31621,1009,56.5,1.4,9992,842,9992,(X),6444,575,64.5,4.2,14545,888,14545,(X),10560,708,72.6,3.2,57546,1570,57546,(X),6931,765,12.0,1.2,1364,262,2.4,0.4,41229,1158,71.6,1.4,3179,375,5.5,0.6,2158,310,3.8,0.5,2685,341,4.7,0.6,41.4,0.7,58484,1591,58484,(X),24189,1105,41.4,1.4,14428,835,24.7,1.3,13124,996,22.4,1.6,2456,365,4.2,0.6,4287,516,7.3,0.8,58484,1591,58484,(X),55,40,0.1,0.1,1831,335,3.1,0.6,1528,317,2.6,0.5,1087,219,1.9,0.4,4356,524,7.4,0.9,3707,494,6.3,0.8,3337,386,5.7,0.7,4729,486,8.1,0.8,8001,539,13.7,0.9,18328,901,31.3,1.3,5555,504,9.5,0.9,3426,436,5.9,0.7,2544,268,4.3,0.4,58484,1591,58484,(X),44615,1503,76.3,1.3,9923,647,17.0,1.0,3805,516,6.5,0.9,141,75,0.2,0.1,104865
29,47,3,4007,16,Brownsville & Ocean Hill,91236,1688,91236,50185,1486,55.0,1.4,50175,1486,55.0,42734,1377,46.8,7441,614,8.2,0.7,10,17,0.0,0.1,41051,1606,45.0,1.4,50175,1486,50175,(X),14.8,1.1,54852,1229,54852,30047,1050,54.8,1.7,30047,1050,54.8,1.7,26039,983,47.5,1.7,11497,793,11497,(X),6555,692,57.0,4.9,21615,1206,21615,(X),13848,847,64.1,2.5,41711,1346,41711,(X),7648,545,18.3,1.2,1291,337,3.1,0.8,28713,1142,68.8,1.6,2550,401,6.1,1.0,630,156,1.5,0.4,879,208,2.1,0.5,46.0,1.0,42734,1377,42734,(X),8563,640,20.0,1.3,15863,777,37.1,1.7,11013,750,25.8,1.4,2924,423,6.8,1.0,4371,484,10.2,1.0,42734,1377,42734,(X),36,33,0.1,0.1,1826,348,4.3,0.8,1110,255,2.6,0.6,323,96,0.8,0.2,5037,633,11.8,1.4,4086,456,9.6,1.0,583,158,1.4,0.4,2358,370,5.5,0.9,3821,463,8.9,1.0,15705,701,36.8,1.4,3004,356,7.0,0.8,2268,393,5.3,0.9,2577,284,6.0,0.7,42734,1377,42734,(X),32593,1318,76.3,1.6,8667,648,20.3,1.4,1444,240,3.4,0.6,30,34,0.1,0.1,64425
30,47,3,4008,5,East New York & Starrett City,114345,1951,114345,62765,1570,54.9,1.0,62729,1569,54.9,55015,1595,48.1,7714,653,6.7,0.6,36,38,0.0,0.1,51580,1514,45.1,1.0,62729,1569,62729,(X),12.3,1.0,65008,1311,65008,33471,1094,51.5,1.4,33438,1097,51.4,1.4,29856,1044,45.9,1.4,13428,902,13428,(X),7436,728,55.4,3.9,26279,1203,26279,(X),15955,1064,60.7,3.0,54125,1612,54125,(X),11051,790,20.4,1.3,2376,403,4.4,0.7,36836,1264,68.1,1.4,2210,344,4.1,0.6,689,194,1.3,0.4,963,192,1.8,0.3,43.8,0.7,55015,1595,55015,(X),11938,858,21.7,1.5,18386,1020,33.4,1.5,13686,671,24.9,1.1,4279,423,7.8,0.7,6726,525,12.2,0.8,55015,1595,55015,(X),53,44,0.1,0.1,3269,414,5.9,0.7,2028,332,3.7,0.6,982,220,1.8,0.4,6445,655,11.7,1.1,4645,387,8.4,0.7,941,231,1.7,0.4,3377,432,6.1,0.8,5440,582,9.9,1.0,17256,927,31.4,1.4,4595,491,8.4,0.9,2818,358,5.1,0.6,3166,430,5.8,0.8,55015,1595,55015,(X),43372,1467,78.8,1.2,9532,705,17.3,1.2,2072,306,3.8,0.5,39,34,0.1,0.1,37661
31,47,3,4009,18,Canarsie & Flatlands,166528,1851,166528,108218,1628,65.0,0.7,108166,1634,65.0,97420,1479,58.5,10746,726,6.5,0.4,52,42,0.0,0.1,58310,1277,35.0,0.7,108166,1634,108166,(X),9.9,0.6,90540,1316,90540,57163,1053,63.1,0.9,57158,1053,63.1,0.9,52267,1009,57.7,0.9,14712,718,14712,(X),9935,649,67.5,3.3,31573,1158,31573,(X),24364,1113,77.2,1.9,95652,1502,95652,(X),36785,1156,38.5,1.0,6539,460,6.8,0.5,45665,1128,47.7,1.1,3683,416,3.9,0.4,841,233,0.9,0.2,2139,340,2.2,0.4,45.0,0.6,97420,1479,97420,(X),35188,1022,36.1,1.0,24124,800,24.8,0.7,21894,898,22.5,0.9,6908,501,7.1,0.5,9306,615,9.6,0.6,97420,1479,97420,(X),66,72,0.1,0.1,4642,435,4.8,0.5,2387,317,2.5,0.3,1530,214,1.6,0.2,8579,591,8.8,0.6,9288,577,9.5,0.5,2005,301,2.1,0.3,6988,541,7.2,0.5,8538,490,8.8,0.5,37104,1091,38.1,1.0,5723,467,5.9,0.5,5034,477,5.2,0.5,5536,430,5.7,0.4,97420,1479,97420,(X),70793,1378,72.7,1.0,21357,868,21.9,0.8,5233,480,5.4,0.5,37,29,0.0,0.1,22424
32,47,3,4010,17,"East Flatbush, Farragut & Rugby",109277,2184,109277,68218,1917,62.4,1.1,68168,1913,62.4,60327,1707,55.2,7841,575,7.2,0.5,50,50,0.0,0.1,41059,1361,37.6,1.1,68168,1913,68168,(X),11.5,0.7,63121,1275,63121,39010,1207,61.8,1.3,39010,1207,61.8,1.3,35127,1122,55.7,1.3,9410,715,9410,(X),6792,687,72.2,4.4,18653,1157,18653,(X),15040,1068,80.6,2.7,59078,1664,59078,(X),13987,771,23.7,1.1,2325,312,3.9,0.5,38071,1265,64.4,1.2,2541,353,4.3,0.6,848,204,1.4,0.3,1306,230,2.2,0.4,45.3,0.7,60327,1707,60327,(X),15855,817,26.3,1.3,20780,1009,34.4,1.3,13807,909,22.9,1.2,5116,500,8.5,0.8,4769,531,7.9,0.9,60327,1707,60327,(X),0,27,0.0,0.1,3444,419,5.7,0.7,1258,257,2.1,0.4,514,149,0.9,0.2,5723,534,9.5,0.8,5401,508,9.0,0.8,878,196,1.5,0.3,3200,336,5.3,0.6,4966,473,8.2,0.7,25233,941,41.8,1.2,3032,381,5.0,0.6,3901,434,6.5,0.7,2777,330,4.6,0.5,60327,1707,60327,(X),44990,1544,74.6,1.2,12463,741,20.7,1.1,2849,382,4.7,0.6,25,21,0.0,0.1,13446
33,47,3,4011,9,"Crown Heights South, Prospect Lefferts & Wingate",87975,1828,87975,56676,1588,64.4,1.2,56667,1587,64.4,47815,1367,54.4,8852,935,10.1,1.0,9,13,0.0,0.1,31299,1225,35.6,1.2,56667,1587,56667,(X),15.6,1.5,49171,1160,49171,30778,983,62.6,1.4,30778,983,62.6,1.4,26510,934,53.9,1.5,8768,820,8768,(X),5969,746,68.1,4.6,14841,1221,14841,(X),10614,975,71.5,3.5,46813,1327,46813,(X),7209,768,15.4,1.7,1184,310,2.5,0.7,32128,1457,68.6,2.0,3823,431,8.2,0.9,709,182,1.5,0.4,1760,321,3.8,0.7,42.6,1.1,47815,1367,47815,(X),15766,786,33.0,1.6,15209,842,31.8,1.4,10743,686,22.5,1.2,2671,409,5.6,0.9,3426,465,7.2,0.9,47815,1367,47815,(X),12,19,0.0,0.1,1898,314,4.0,0.6,1292,277,2.7,0.6,570,162,1.2,0.3,4252,493,8.9,0.9,2910,441,6.1,0.9,1766,329,3.7,0.7,3037,383,6.4,0.8,4479,508,9.4,1.1,18040,845,37.7,1.6,3888,472,8.1,0.9,3032,421,6.3,0.9,2639,411,5.5,0.8,47815,1367,47815,(X),36246,1432,75.8,1.4,8727,614,18.3,1.3,2832,351,5.9,0.8,10,16,0.0,0.1,450
34,47,3,4012,7,Sunset Park & Windsor Terrace,118547,2288,118547,78403,2134,66.1,1.0,78383,2133,66.1,70611,1915,59.6,7772,679,6.6,0.5,20,22,0.0,0.1,40144,1223,33.9,1.0,78383,2133,78383,(X),9.9,0.8,58450,1228,58450,34149,1116,58.4,1.4,34149,1116,58.4,1.4,30264,1098,51.8,1.5,13493,850,13493,(X),8227,779,61.0,4.2,20754,945,20754,(X),13164,773,63.4,3.1,68460,1852,68460,(X),7946,601,11.6,0.8,3693,451,5.4,0.7,43402,1665,63.4,1.4,9294,667,13.6,1.0,1885,287,2.8,0.4,2240,381,3.3,0.6,43.3,0.8,70611,1915,70611,(X),19498,1056,27.6,1.4,22341,1132,31.6,1.3,13606,812,19.3,1.0,6089,724,8.6,1.0,9077,697,12.9,0.9,70611,1915,70611,(X),81,49,0.1,0.1,5218,691,7.4,0.9,5326,583,7.5,0.8,2115,298,3.0,0.4,6713,607,9.5,0.8,2724,335,3.9,0.5,2356,317,3.3,0.4,3715,509,5.3,0.7,7426,560,10.5,0.8,13016,763,18.4,1.0,14711,1004,20.8,1.2,5445,539,7.7,0.8,1765,274,2.5,0.4,70611,1915,70611,(X),59271,1778,83.9,0.9,5952,515,8.4,0.7,5325,492,7.5,0.7,63,48,0.1,0.1,3262
35,47,3,4013,10,Bay Ridge & Dyker Heights,106712,1859,106712,65959,1493,61.8,1.0,65706,1496,61.6,59930,1391,56.2,5776,519,5.4,0.5,253,97,0.2,0.1,40753,1346,38.2,1.0,65706,1496,65706,(X),8.8,0.7,55756,945,55756,30125,810,54.0,1.2,30075,816,53.9,1.2,27433,696,49.2,1.2,10054,701,10054,(X),5894,493,58.6,4.0,16650,941,16650,(X),9386,764,56.4,3.4,58614,1386,58614,(X),15553,722,26.5,1.1,4259,457,7.3,0.8,31246,1134,53.3,1.4,4983,431,8.5,0.7,778,174,1.3,0.3,1795,218,3.1,0.4,42.6,0.8,59930,1391,59930,(X),23995,922,40.0,1.4,12017,793,20.1,1.2,14536,671,24.3,1.0,4140,427,6.9,0.7,5242,493,8.7,0.8,59930,1391,59930,(X),53,48,0.1,0.1,3913,433,6.5,0.7,2872,362,4.8,0.6,1392,237,2.3,0.4,5941,493,9.9,0.8,3159,343,5.3,0.6,1592,256,2.7,0.4,6711,506,11.2,0.8,6858,426,11.4,0.7,14513,724,24.2,1.1,6814,622,11.4,1.0,3039,357,5.1,0.6,3073,321,5.1,0.5,59930,1391,59930,(X),47313,1333,78.9,1.1,9323,584,15.6,0.9,3149,358,5.3,0.6,145,78,0.2,0.1,3247
36,47,3,4014,12,"Borough Park, Kensington & Ocean Parkway",112492,1940,112492,64518,1475,57.4,0.8,64419,1482,57.3,59961,1438,53.3,4458,448,4.0,0.4,99,108,0.1,0.1,47974,1233,42.6,0.8,64419,1482,64419,(X),6.9,0.7,56051,1086,56051,27640,846,49.3,1.2,27640,846,49.3,1.2,25956,809,46.3,1.2,23200,998,23200,(X),9430,780,40.6,3.0,35281,1619,35281,(X),17431,1056,49.4,2.7,58508,1442,58508,(X),11898,557,20.3,0.9,3905,421,6.7,0.7,26538,1114,45.4,1.5,11807,721,20.2,1.1,1432,271,2.4,0.5,2928,417,5.0,0.7,36.5,0.9,59961,1438,59961,(X),20981,817,35.0,1.2,12578,954,21.0,1.3,16883,882,28.2,1.5,4426,539,7.4,0.9,5093,510,8.5,0.8,59961,1438,59961,(X),87,73,0.1,0.1,4107,574,6.8,0.9,3055,308,5.1,0.5,2880,337,4.8,0.6,7260,563,12.1,1.0,2483,341,4.1,0.6,1244,224,2.1,0.4,4206,395,7.0,0.6,5608,590,9.4,1.0,18401,768,30.7,1.3,5774,788,9.6,1.2,3698,456,6.2,0.7,1158,183,1.9,0.3,59961,1438,59961,(X),50128,1403,83.6,1.0,5143,467,8.6,0.8,4527,464,7.5,0.7,163,92,0.3,0.2,69013
37,47,3,4015,14,Flatbush & Midwood,123774,2046,123774,77426,1711,62.6,1.0,77376,1716,62.5,69518,1616,56.2,7858,640,6.3,0.5,50,42,0.0,0.1,46348,1455,37.4,1.0,77376,1716,77376,(X),10.2,0.8,67410,1326,67410,39231,1109,58.2,1.3,39209,1110,58.2,1.3,35620,1026,52.8,1.3,13756,797,13756,(X),7764,592,56.4,3.1,23436,1011,23436,(X),14383,910,61.4,3.0,67627,1553,67627,(X),14263,832,21.1,1.1,2710,358,4.0,0.5,42299,1191,62.5,1.1,4686,433,6.9,0.6,1402,289,2.1,0.4,2267,327,3.4,0.5,41.0,0.7,69518,1616,69518,(X),24931,996,35.9,1.4,19233,890,27.7,1.2,14926,822,21.5,1.0,4149,516,6.0,0.7,6279,588,9.0,0.8,69518,1616,69518,(X),40,52,0.1,0.1,3468,483,5.0,0.7,2408,424,3.5,0.6,1853,328,2.7,0.5,6341,599,9.1,0.8,4870,563,7.0,0.8,2050,339,2.9,0.5,5598,539,8.1,0.8,7706,725,11.1,1.0,23142,884,33.3,1.2,5777,656,8.3,0.9,3862,404,5.6,0.6,2403,384,3.5,0.5,69518,1616,69518,(X),53649,1473,77.2,1.0,9603,586,13.8,0.8,6243,557,9.0,0.7,23,24,0.0,0.1,167297
38,47,3,4016,15,"Sheepshead Bay, Gerritsen Beach & Homecrest",119591,1904,119591,69388,1584,58.0,0.9,69369,1591,58.0,62919,1496,52.6,6450,528,5.4,0.4,19,27,0.0,0.1,50203,1290,42.0,0.9,69369,1591,69369,(X),9.3,0.7,62681,1091,62681,31908,957,50.9,1.3,31908,957,50.9,1.3,29126,926,46.5,1.3,10828,857,10828,(X),5481,593,50.6,3.7,20343,827,20343,(X),11802,810,58.0,3.3,61620,1474,61620,(X),17477,894,28.4,1.3,4817,487,7.8,0.8,31098,1086,50.5,1.5,5137,544,8.3,0.8,876,198,1.4,0.3,2215,331,3.6,0.5,43.2,0.6,62919,1496,62919,(X),24927,956,39.6,1.3,11863,793,18.9,1.1,16072,856,25.5,1.3,4358,486,6.9,0.7,5699,419,9.1,0.6,62919,1496,62919,(X),85,55,0.1,0.1,3708,510,5.9,0.8,2848,348,4.5,0.6,2568,354,4.1,0.5,6619,503,10.5,0.8,4165,413,6.6,0.7,1469,247,2.3,0.4,6499,518,10.3,0.8,7280,537,11.6,0.8,18397,882,29.2,1.2,4265,497,6.8,0.7,2707,332,4.3,0.5,2309,326,3.7,0.5,62919,1496,62919,(X),49715,1385,79.0,1.1,9736,669,15.5,1.0,3401,411,5.4,0.6,67,43,0.1,0.1,127778
39,47,3,4017,11,Bensonhurst & Bath Beach,151775,2321,151775,89702,2082,59.1,0.9,89651,2085,59.1,80781,1902,53.2,8870,639,5.8,0.4,51,53,0.0,0.1,62073,1602,40.9,0.9,89651,2085,89651,(X),9.9,0.6,77853,1328,77853,40171,1300,51.6,1.3,40167,1301,51.6,1.3,36624,1237,47.0,1.3,13041,900,13041,(X),6335,602,48.6,3.6,23419,1176,23419,(X),13162,932,56.2,2.8,78972,1812,78972,(X),16492,832,20.9,1.0,5324,513,6.7,0.6,48328,1434,61.2,1.2,5461,462,6.9,0.6,1474,228,1.9,0.3,1893,365,2.4,0.4,45.8,0.7,80781,1902,80781,(X),23410,1088,29.0,1.1,19780,1024,24.5,1.1,19773,924,24.5,1.0,7360,667,9.1,0.8,10458,677,12.9,0.8,80781,1902,80781,(X),32,27,0.0,0.1,6454,627,8.0,0.8,5095,444,6.3,0.5,2685,397,3.3,0.5,8530,590,10.6,0.7,5739,489,7.1,0.6,1685,268,2.1,0.3,6726,600,8.3,0.7,8404,534,10.4,0.7,19494,919,24.1,0.9,9104,716,11.3,0.8,4426,396,5.5,0.5,2407,320,3.0,0.4,80781,1902,80781,(X),66899,1759,82.8,0.9,9445,570,11.7,0.7,4377,491,5.4,0.6,60,46,0.1,0.1,104085
40,47,3,4018,13,Brighton Beach & Coney Island,89037,1616,89037,46175,1412,51.9,1.5,46074,1408,51.7,40481,1268,45.5,5593,570,6.3,0.6,101,57,0.1,0.1,42862,1658,48.1,1.5,46074,1408,46074,(X),12.1,1.1,49115,1117,49115,23499,927,47.8,1.6,23499,927,47.8,1.6,20982,836,42.7,1.5,6547,677,6547,(X),3946,520,60.3,5.4,12416,882,12416,(X),7853,868,63.2,4.9,39530,1230,39530,(X),9808,711,24.8,1.8,2579,418,6.5,1.0,21387,1017,54.1,2.0,4206,586,10.6,1.4,678,171,1.7,0.4,872,224,2.2,0.6,44.5,1.1,40481,1268,40481,(X),13065,788,32.3,1.9,10133,796,25.0,1.7,9352,719,23.1,1.6,3169,432,7.8,1.1,4762,638,11.8,1.5,40481,1268,40481,(X),60,54,0.1,0.1,2463,421,6.1,1.0,1977,309,4.9,0.8,1241,300,3.1,0.7,3754,442,9.3,1.1,3423,469,8.5,1.1,723,173,1.8,0.4,3245,426,8.0,1.0,3610,433,8.9,1.1,13363,884,33.0,1.8,2966,426,7.3,1.0,2382,382,5.9,0.9,1274,279,3.1,0.7,40481,1268,40481,(X),31887,1050,78.8,1.5,6496,683,16.0,1.5,2089,362,5.2,0.9,9,13,0.0,0.1,1083968
41,81,4,4101,1,Astoria & Long Island City,149082,2487,149082,105095,2220,70.5,0.9,105068,2223,70.5,94256,2187,63.2,10812,672,7.3,0.4,27,25,0.0,0.1,43987,1449,29.5,0.9,105068,2223,105068,(X),10.3,0.6,76498,1555,76498,48238,1335,63.1,1.0,48222,1337,63.0,1.0,43467,1329,56.8,1.1,9278,762,9278,(X),4975,535,53.6,3.8,16361,1007,16361,(X),10448,893,63.9,3.6,90903,2201,90903,(X),14543,842,16.0,0.8,3097,382,3.4,0.4,61841,1639,68.0,1.0,6352,638,7.0,0.6,2144,316,2.4,0.3,2926,373,3.2,0.4,37.2,0.5,94256,2187,94256,(X),38296,1530,40.6,1.4,21300,1225,22.6,1.2,21067,1112,22.4,1.1,5931,659,6.3,0.7,7662,627,8.1,0.6,94256,2187,94256,(X),78,104,0.1,0.1,5075,600,5.4,0.6,3315,408,3.5,0.4,2458,345,2.6,0.4,9370,729,9.9,0.7,4657,445,4.9,0.5,4751,445,5.0,0.4,7914,711,8.4,0.8,13218,880,14.0,0.9,19133,1023,20.3,1.0,15494,941,16.4,0.9,6014,553,6.4,0.6,2779,394,2.9,0.4,94256,2187,94256,(X),76961,1891,81.7,0.8,10125,674,10.7,0.6,6995,550,7.4,0.6,175,107,0.2,0.1,736609
42,81,4,4102,3,Jackson Heights & North Corona,146421,2926,146421,97138,2235,66.3,0.9,97121,2233,66.3,89035,2187,60.8,8086,698,5.5,0.5,17,27,0.0,0.1,49283,1689,33.7,0.9,97121,2233,97121,(X),8.3,0.7,69595,1635,69595,36951,1315,53.1,1.4,36951,1315,53.1,1.4,33170,1262,47.7,1.5,13440,944,13440,(X),7480,723,55.7,4.4,22313,1271,22313,(X),14288,1085,64.0,3.0,87414,2162,87414,(X),15653,831,17.9,1.0,4109,553,4.7,0.6,58025,1924,66.4,1.4,6420,788,7.3,0.8,1835,328,2.1,0.4,1372,311,1.6,0.4,40.1,0.7,89035,2187,89035,(X),17209,792,19.3,0.9,28596,1485,32.1,1.4,18109,1062,20.3,1.1,11262,892,12.6,0.9,13859,1036,15.6,1.1,89035,2187,89035,(X),108,109,0.1,0.1,9215,809,10.3,0.9,4525,603,5.1,0.6,2054,339,2.3,0.4,9915,817,11.1,0.8,7164,635,8.0,0.7,1418,284,1.6,0.3,4671,521,5.2,0.6,8447,729,9.5,0.8,14359,836,16.1,1.0,17134,1292,19.2,1.2,7653,744,8.6,0.8,2372,399,2.7,0.5,89035,2187,89035,(X),74528,2258,83.7,1.2,7135,707,8.0,0.8,7348,761,8.3,0.8,24,26,0.0,0.1,3315480
43,81,4,4103,7,"Flushing, Murray Hill & Whitestone",211997,2691,211997,125782,2271,59.3,0.8,125715,2270,59.3,114948,2111,54.2,10767,782,5.1,0.4,67,55,0.0,0.1,86215,1927,40.7,0.8,125715,2270,125715,(X),8.6,0.6,110974,1656,110974,57933,1575,52.2,1.1,57925,1575,52.2,1.1,53053,1436,47.8,1.1,15075,962,15075,(X),8548,730,56.7,3.8,26682,1237,26682,(X),16607,1104,62.2,3.1,111735,2105,111735,(X),41155,1448,36.8,1.2,13534,1045,12.1,0.9,42927,1574,38.4,1.1,9672,787,8.7,0.7,1633,311,1.5,0.3,2814,391,2.5,0.3,40.4,0.6,114948,2111,114948,(X),36612,1109,31.9,0.9,28862,1389,25.1,1.1,29967,1389,26.1,1.0,8323,598,7.2,0.5,11184,853,9.7,0.7,114948,2111,114948,(X),265,113,0.2,0.1,7164,676,6.2,0.6,5407,611,4.7,0.5,4324,510,3.8,0.4,12854,866,11.2,0.7,7463,564,6.5,0.5,2809,354,2.4,0.3,9598,668,8.3,0.6,10910,887,9.5,0.7,22808,1116,19.8,0.9,15729,910,13.7,0.8,12072,1056,10.5,0.9,3545,401,3.1,0.4,114948,2111,114948,(X),95377,2269,83.0,1.0,13069,838,11.4,0.8,6385,654,5.6,0.6,117,62,0.1,0.1,1562182
44,81,4,4104,11,"Bayside, Douglaston & Little Neck",100224,1615,100224,63245,1468,63.1,1.0,63223,1470,63.1,58427,1364,58.3,4796,509,4.8,0.5,22,30,0.0,0.1,36979,1189,36.9,1.0,63223,1470,63223,(X),7.6,0.8,53044,1152,53044,29743,985,56.1,1.4,29743,985,56.1,1.4,27433,933,51.7,1.3,7885,660,7885,(X),5107,633,64.8,5.1,15653,894,15653,(X),10476,799,66.9,3.6,56700,1346,56700,(X),30025,1101,53.0,1.3,6231,634,11.0,1.1,16251,816,28.7,1.3,1568,316,2.8,0.5,519,174,0.9,0.3,2106,367,3.7,0.6,40.5,1.0,58427,1364,58427,(X),26554,959,45.4,1.5,9451,789,16.2,1.2,15446,790,26.4,1.3,3310,396,5.7,0.7,3666,415,6.3,0.7,58427,1364,58427,(X),55,53,0.1,0.1,3029,405,5.2,0.7,2490,358,4.3,0.6,2585,411,4.4,0.7,6496,574,11.1,1.0,2885,315,4.9,0.5,1590,217,2.7,0.4,6678,538,11.4,0.9,6482,583,11.1,1.0,14034,700,24.0,1.0,5354,563,9.2,0.9,4106,502,7.0,0.8,2643,319,4.5,0.5,58427,1364,58427,(X),46282,1372,79.2,1.1,8824,629,15.1,1.1,3179,355,5.4,0.6,142,87,0.2,0.1,704020
45,81,4,4105,13,"Queens Village, Cambria Heights & Rosedale",164655,2120,164655,106327,2139,64.6,0.9,106286,2138,64.6,96209,1887,58.4,10077,767,6.1,0.4,41,45,0.0,0.1,58328,1564,35.4,0.9,106286,2138,106286,(X),9.5,0.7,89847,1329,89847,55533,1387,61.8,1.1,55520,1388,61.8,1.1,50729,1324,56.5,1.1,12445,953,12445,(X),8654,732,69.5,3.9,25879,1025,25879,(X),19277,1001,74.5,2.5,93309,1897,93309,(X),48438,1365,51.9,1.1,7236,546,7.8,0.5,32531,1119,34.9,1.0,1840,357,2.0,0.4,857,181,0.9,0.2,2407,326,2.6,0.3,45.8,0.7,96209,1887,96209,(X),31501,1237,32.7,1.2,22115,1057,23.0,1.0,25763,1179,26.8,1.0,6728,455,7.0,0.4,10102,647,10.5,0.7,96209,1887,96209,(X),65,34,0.1,0.1,4444,408,4.6,0.4,3096,352,3.2,0.4,1468,314,1.5,0.3,10215,685,10.6,0.6,10364,799,10.8,0.8,2246,326,2.3,0.3,7338,577,7.6,0.6,9208,714,9.6,0.7,31743,1078,33.0,0.9,5458,498,5.7,0.5,4264,418,4.4,0.4,6300,455,6.5,0.5,96209,1887,96209,(X),71116,1907,73.9,1.0,20574,837,21.4,0.9,4438,454,4.6,0.5,81,68,0.1,0.1,2500628
46,81,4,4106,8,"Briarwood, Fresh Meadows & Hillcrest",126498,2363,126498,78037,1864,61.7,1.0,78037,1864,61.7,69818,1814,55.2,8219,673,6.5,0.5,0,27,0.0,0.1,48461,1586,38.3,1.0,78037,1864,78037,(X),10.5,0.8,67460,1420,67460,37120,1110,55.0,1.5,37120,1110,55.0,1.5,33501,1103,49.7,1.5,12001,1107,12001,(X),6682,778,55.7,4.5,19491,1214,19491,(X),11592,937,59.5,3.8,68116,1758,68116,(X),25836,1151,37.9,1.5,4973,664,7.3,0.9,31305,1243,46.0,1.4,3712,503,5.4,0.7,694,174,1.0,0.3,1596,292,2.3,0.4,42.4,0.9,69818,1814,69818,(X),28760,1300,41.2,1.7,12456,902,17.8,1.2,18728,1152,26.8,1.4,4126,619,5.9,0.9,5748,599,8.2,0.9,69818,1814,69818,(X),367,343,0.5,0.5,3415,509,4.9,0.7,2493,333,3.6,0.5,2445,458,3.5,0.7,7018,666,10.1,1.0,4505,455,6.5,0.6,1876,320,2.7,0.5,7622,762,10.9,1.0,7427,558,10.6,0.8,19660,1029,28.2,1.3,6088,577,8.7,0.8,4051,545,5.8,0.8,2851,384,4.1,0.5,69818,1814,69818,(X),54201,1594,77.6,1.2,10240,775,14.7,1.1,5137,563,7.4,0.8,240,193,0.3,0.3,40986
47,81,4,4107,4,Elmhurst & South Corona,116705,2437,116705,74442,2194,63.8,1.1,74432,2197,63.8,69446,2140,59.5,4986,511,4.3,0.4,10,14,0.0,0.1,42263,1386,36.2,1.1,74432,2197,74432,(X),6.7,0.7,56710,1543,56710,30187,1408,53.2,1.7,30187,1408,53.2,1.7,27962,1324,49.3,1.7,11017,900,11017,(X),6087,662,55.3,4.5,18521,1269,18521,(X),11560,986,62.4,3.6,67693,2099,67693,(X),9985,830,14.8,1.2,3679,549,5.4,0.8,46156,1811,68.2,1.7,5282,647,7.8,0.9,1456,352,2.2,0.5,1135,324,1.7,0.5,41.8,0.8,69446,2140,69446,(X),13229,903,19.0,1.2,24637,1333,35.5,1.4,13858,849,20.0,1.2,7656,643,11.0,0.9,10066,832,14.5,1.0,69446,2140,69446,(X),91,92,0.1,0.1,6243,634,9.0,0.9,3369,453,4.9,0.6,2209,322,3.2,0.5,8110,670,11.7,0.9,5352,612,7.7,0.8,931,224,1.3,0.3,3727,422,5.4,0.6,6736,727,9.7,1.0,11224,863,16.2,1.2,13575,1082,19.5,1.4,6251,681,9.0,0.9,1628,355,2.3,0.5,69446,2140,69446,(X),58549,2036,84.3,1.1,5627,691,8.1,1.0,5220,572,7.5,0.8,50,43,0.1,0.1,13937
48,81,4,4108,6,Forest Hills & Rego Park,94237,1860,94237,60307,1718,64.0,1.2,60286,1718,64.0,56072,1658,59.5,4214,474,4.5,0.5,21,18,0.0,0.1,33930,1266,36.0,1.2,60286,1718,60286,(X),7.0,0.8,50694,1291,50694,29229,1171,57.7,1.7,29220,1169,57.6,1.7,27246,1164,53.7,1.7,7817,876,7817,(X),4865,632,62.2,6.0,10762,790,10762,(X),7188,663,66.8,4.4,55192,1677,55192,(X),12509,963,22.7,1.5,2938,525,5.3,0.9,33238,1273,60.2,1.8,3817,468,6.9,0.8,445,134,0.8,0.2,2245,306,4.1,0.5,41.1,0.7,56072,1658,56072,(X),29187,1383,52.1,1.9,7588,758,13.5,1.3,13459,951,24.0,1.5,1854,315,3.3,0.6,3984,490,7.1,0.9,56072,1658,56072,(X),0,27,0.0,0.1,1794,315,3.2,0.6,2398,353,4.3,0.6,1653,259,2.9,0.5,4965,667,8.9,1.1,3029,396,5.4,0.7,2205,351,3.9,0.6,7537,690,13.4,1.2,8739,723,15.6,1.3,14279,970,25.5,1.5,3803,472,6.8,0.8,3313,585,5.9,1.0,2357,365,4.2,0.7,56072,1658,56072,(X),44929,1724,80.1,1.6,7715,756,13.8,1.4,3342,467,6.0,0.8,86,95,0.2,0.2,11914
49,81,4,4109,2,Sunnyside & Woodside,115296,1894,115296,78930,1789,68.5,1.1,78903,1792,68.4,73683,1733,63.9,5220,489,4.5,0.4,27,31,0.0,0.1,36366,1389,31.5,1.1,78903,1792,78903,(X),6.6,0.6,57670,1220,57670,34815,1122,60.4,1.5,34815,1122,60.4,1.5,32255,1061,55.9,1.5,8324,690,8324,(X),4590,507,55.1,4.7,13986,989,13986,(X),8632,894,61.7,4.2,72334,1781,72334,(X),10927,845,15.1,1.2,2918,484,4.0,0.7,50977,1886,70.5,1.6,4393,649,6.1,0.9,1455,249,2.0,0.3,1664,311,2.3,0.4,37.0,0.6,73683,1733,73683,(X),25694,1074,34.9,1.4,17834,1084,24.2,1.3,15904,995,21.6,1.2,4832,586,6.6,0.8,9419,789,12.8,1.0,73683,1733,73683,(X),141,110,0.2,0.1,3919,492,5.3,0.7,3737,504,5.1,0.7,1887,273,2.6,0.4,7844,844,10.6,1.1,5157,554,7.0,0.8,2895,416,3.9,0.6,6574,550,8.9,0.7,10039,771,13.6,0.9,12672,712,17.2,1.0,12044,965,16.3,1.2,5062,559,6.9,0.8,1712,297,2.3,0.4,73683,1733,73683,(X),60901,1820,82.7,1.1,6032,519,8.2,0.7,6627,612,9.0,0.8,123,72,0.2,0.1,22663
50,81,4,4110,5,"Ridgewood, Glendale & Middle Village",136441,2204,136441,85864,1902,62.9,0.8,85793,1898,62.9,78767,1914,57.7,7026,552,5.1,0.4,71,53,0.1,0.1,50577,1246,37.1,0.8,85793,1898,85793,(X),8.2,0.6,70921,1327,70921,39656,1288,55.9,1.3,39637,1292,55.9,1.3,36456,1335,51.4,1.4,12058,895,12058,(X),6701,624,55.6,3.9,22379,1046,22379,(X),14304,806,63.9,2.8,77481,1936,77481,(X),24721,995,31.9,1.1,4083,421,5.3,0.5,41564,1480,53.6,1.1,4310,452,5.6,0.6,1218,267,1.6,0.3,1585,306,2.0,0.4,38.0,0.5,78767,1914,78767,(X),22092,894,28.0,1.0,18426,897,23.4,0.9,19395,866,24.6,0.8,9844,733,12.5,0.9,9010,592,11.4,0.7,78767,1914,78767,(X),55,50,0.1,0.1,8811,661,11.2,0.8,4034,423,5.1,0.5,2013,275,2.6,0.3,7240,538,9.2,0.6,5360,446,6.8,0.6,1976,280,2.5,0.4,7418,590,9.4,0.7,8937,658,11.3,0.8,16766,960,21.3,1.1,7981,613,10.1,0.8,4833,490,6.1,0.6,3343,351,4.2,0.4,78767,1914,78767,(X),62957,1742,79.9,1.0,11487,699,14.6,0.8,4278,452,5.4,0.5,45,34,0.1,0.1,27000
51,81,4,4111,9,Richmond Hill & Woodhaven,118457,2118,118457,78249,1679,66.1,0.8,78208,1673,66.0,70102,1589,59.2,8106,536,6.8,0.4,41,34,0.0,0.1,40208,1196,33.9,0.8,78208,1673,78208,(X),10.4,0.7,60879,1220,60879,35795,873,58.8,1.2,35795,873,58.8,1.2,31827,879,52.3,1.3,11726,855,11726,(X),6879,639,58.7,3.5,21235,1052,21235,(X),13963,880,65.8,2.5,67986,1577,67986,(X),19598,853,28.8,1.1,4369,492,6.4,0.7,36885,1304,54.3,1.4,3669,407,5.4,0.6,1013,231,1.5,0.3,2452,362,3.6,0.5,44.9,0.6,70102,1589,70102,(X),19384,798,27.7,1.0,17976,764,25.6,0.9,17687,775,25.2,0.9,6444,440,9.2,0.6,8611,572,12.3,0.7,70102,1589,70102,(X),109,65,0.2,0.1,5254,437,7.5,0.6,3213,341,4.6,0.5,1582,258,2.3,0.4,8023,552,11.4,0.7,6627,564,9.5,0.7,1490,243,2.1,0.3,5671,439,8.1,0.6,7383,533,10.5,0.7,16193,791,23.1,0.9,6953,430,9.9,0.6,4630,428,6.6,0.6,2974,362,4.2,0.5,70102,1589,70102,(X),55290,1506,78.9,1.1,9646,647,13.8,0.9,5090,485,7.3,0.7,76,51,0.1,0.1,17664
52,81,4,4112,12,"Jamaica, Hollis & St. Albans",187514,2701,187514,124222,2109,66.2,0.7,124135,2102,66.2,106159,2007,56.6,17976,1162,9.6,0.6,87,84,0.0,0.1,63292,1614,33.8,0.7,124135,2102,124135,(X),14.5,0.9,102928,1769,102928,63519,1368,61.7,0.9,63519,1368,61.7,0.9,54711,1282,53.2,0.9,18231,1020,18231,(X),13238,836,72.6,2.8,35704,1146,35704,(X),27237,993,76.3,1.9,102905,2000,102905,(X),37520,1136,36.5,1.0,5048,491,4.9,0.5,52843,1706,51.4,1.1,3950,509,3.8,0.5,1363,236,1.3,0.2,2181,315,2.1,0.3,48.1,0.7,106159,2007,106159,(X),24740,1062,23.3,1.0,32207,1173,30.3,1.0,27378,1199,25.8,1.1,8526,749,8.0,0.6,13308,818,12.5,0.7,106159,2007,106159,(X),65,51,0.1,0.1,5439,618,5.1,0.5,3914,479,3.7,0.4,1678,363,1.6,0.3,12888,865,12.1,0.8,11843,746,11.2,0.7,1840,302,1.7,0.3,6313,561,5.9,0.5,8693,579,8.2,0.5,33323,1258,31.4,1.2,8675,686,8.2,0.6,5279,500,5.0,0.5,6209,609,5.8,0.6,106159,2007,106159,(X),80545,1949,75.9,1.0,20186,970,19.0,0.9,5360,516,5.0,0.5,68,45,0.1,0.1,14348
53,81,4,4113,10,Howard Beach & Ozone Park,109235,2076,109235,69759,1768,63.9,0.9,69750,1765,63.9,62008,1601,56.8,7742,747,7.1,0.7,9,14,0.0,0.1,39476,1196,36.1,0.9,69750,1765,69750,(X),11.1,1.0,57410,1258,57410,33001,1061,57.5,1.4,32992,1058,57.5,1.4,29453,963,51.3,1.4,9298,878,9298,(X),5901,649,63.5,4.3,18907,1011,18907,(X),12222,899,64.6,3.1,60708,1582,60708,(X),25894,1259,42.7,1.6,4802,554,7.9,0.9,26119,1086,43.0,1.7,2044,327,3.4,0.5,921,201,1.5,0.3,928,201,1.5,0.3,44.1,0.9,62008,1601,62008,(X),15950,1037,25.7,1.4,14786,759,23.8,1.1,17825,954,28.7,1.5,6119,644,9.9,1.0,7328,627,11.8,0.9,62008,1601,62008,(X),76,95,0.1,0.2,4057,586,6.5,0.9,3274,402,5.3,0.6,1665,323,2.7,0.5,7403,602,11.9,0.9,6788,584,10.9,0.9,1322,234,2.1,0.4,5023,524,8.1,0.8,5646,494,9.1,0.8,15511,827,25.0,1.1,4836,447,7.8,0.7,3856,447,6.2,0.7,2551,391,4.1,0.6,62008,1601,62008,(X),49185,1382,79.3,1.1,9093,694,14.7,1.1,3615,458,5.8,0.7,115,71,0.2,0.1,27812
54,81,4,4114,14,"Far Rockaway, Breezy Point & Broad Channel",88990,2364,88990,50530,1675,56.8,1.1,50478,1660,56.7,44932,1557,50.5,5546,645,6.2,0.7,52,71,0.1,0.1,38460,1419,43.2,1.1,50478,1660,50478,(X),11.0,1.2,48537,1436,48537,26074,1192,53.7,1.7,26052,1186,53.7,1.7,23364,1172,48.1,1.8,11213,1051,11213,(X),6315,775,56.3,4.9,19180,1311,19180,(X),12106,1142,63.1,3.8,43901,1539,43901,(X),18850,1132,42.9,2.1,2629,394,6.0,0.9,17193,1207,39.2,2.5,3116,469,7.1,1.0,1196,385,2.7,0.8,917,292,2.1,0.7,47.9,1.5,44932,1557,44932,(X),14481,931,32.2,1.9,12265,910,27.3,1.8,9875,851,22.0,1.6,4008,568,8.9,1.2,4303,579,9.6,1.2,44932,1557,44932,(X),8,12,0.0,0.1,3012,589,6.7,1.3,1497,388,3.3,0.8,647,192,1.4,0.4,3972,573,8.8,1.2,3727,533,8.3,1.2,783,198,1.7,0.4,3416,445,7.6,1.0,4467,591,9.9,1.3,14684,927,32.7,1.8,3236,497,7.2,1.0,2418,504,5.4,1.1,3065,368,6.8,0.8,44932,1557,44932,(X),33532,1477,74.6,1.7,9025,757,20.1,1.6,2340,380,5.2,0.8,35,40,0.1,0.1,20486
